_id,sessionID,active,behavior,clientIP,endTimestamp,numOfLoginAttempts,numOfPostReqs,numOfReqs,sesCodes4xx,sesDuration
5f47972ae7d3415989c0d14c,5f4796b5125dc62ea40fb2dd,True,Normal,::ffff:79.167.208.184,2020-08-27 11:19:40.682,1,7,8,0,22988
5f48430871e7a1db2409eeb9,5f483804125dc62ea40fb2fd,True,Normal,::ffff:195.54.160.21,2020-08-27 22:47:32.184,0,0,1,0,0
5f48810871e7a1db2417c0ab,5f4842be125dc62ea40fb301,True,Normal,::ffff:195.54.160.21,2020-08-27 23:33:18.501,0,0,1,0,0
5f48d39c71e7a1db242ab040,5f48d310125dc62ea40fb313,True,Normal,::ffff:176.92.147.1,2020-08-28 09:49:19.686,1,6,8,0,15482
5f48d53071e7a1db242b1e85,5f48d51e125dc62ea40fb338,True,Normal,::ffff:85.75.130.71,2020-08-28 09:57:50.674,0,1,1,0,0
5f48d55a71e7a1db242b2a44,5f48d52e125dc62ea40fb33a,True,Normal,::ffff:85.75.130.71,2020-08-28 09:58:11.077,1,4,6,0,4203
5f48d59e71e7a1db242b3cd3,5f48d364125dc62ea40fb325,True,Normal,::ffff:176.92.147.1,2020-08-28 09:50:45.665,0,6,8,0,16724
5f48d5a171e7a1db242b3ea7,5f48d55c125dc62ea40fb352,True,Normal,::ffff:94.71.45.143,2020-08-28 09:58:52.730,1,1,1,1,0
5f48d5b771e7a1db242b465a,5f48d5a0125dc62ea40fb381,True,Normal,::ffff:94.71.45.143,2020-08-28 10:00:00.773,0,1,1,0,0
5f48d5c971e7a1db242b4bee,5f48d558125dc62ea40fb347,True,Normal,::ffff:85.75.130.71,2020-08-28 09:59:34.685,0,10,16,0,45812
5f48d5e171e7a1db242b533b,5f48d5c8125dc62ea40fb3c4,True,Normal,::ffff:85.75.130.71,2020-08-28 10:00:41.557,0,2,2,0,1122
5f48d60871e7a1db242b5dc9,5f48d5e0125dc62ea40fb3e4,True,Normal,::ffff:85.75.130.71,2020-08-28 10:01:25.879,0,9,12,0,21143
5f48d63871e7a1db242b698b,5f48d607125dc62ea40fb402,True,Normal,::ffff:85.75.130.71,2020-08-28 10:01:55.479,0,2,2,0,11728
5f48d66b71e7a1db242b77d1,5f48d637125dc62ea40fb406,True,Normal,::ffff:85.75.130.71,2020-08-28 10:02:44.875,0,2,3,0,13668
5f48d68a71e7a1db242b7ec1,5f48d66a125dc62ea40fb40c,True,Normal,::ffff:85.75.130.71,2020-08-28 10:03:22.481,0,2,2,0,452
5f48d6de71e7a1db242b940b,5f48d689125dc62ea40fb413,True,Normal,::ffff:85.75.130.71,2020-08-28 10:03:59.746,0,2,3,0,6156
5f48d70971e7a1db242ba043,5f48d6dd125dc62ea40fb419,True,Normal,::ffff:85.75.130.71,2020-08-28 10:05:32.260,0,2,4,0,14899
5f48d76971e7a1db242bb993,5f48d708125dc62ea40fb425,True,Normal,::ffff:85.75.130.71,2020-08-28 10:06:00.358,0,1,1,0,0
5f48d7a871e7a1db242bc90d,5f48d767125dc62ea40fb429,True,Normal,::ffff:85.75.130.71,2020-08-28 10:07:48.777,0,7,12,0,12791
5f48d7c571e7a1db242bd0c9,5f48d59c125dc62ea40fb373,True,Normal,::ffff:176.92.147.1,2020-08-28 10:00:43.608,1,22,27,0,46614
5f48d83071e7a1db242bf18d,5f48d7a6125dc62ea40fb443,True,Normal,::ffff:85.75.130.71,2020-08-28 10:10:30.674,0,24,29,0,111789
5f48d83571e7a1db242bf321,5f48d7c4125dc62ea40fb450,True,Normal,::ffff:176.92.147.1,2020-08-28 10:10:08.108,1,13,23,0,60071
5f48d88a71e7a1db242c0ca0,5f48d82f125dc62ea40fb4c2,True,Normal,::ffff:85.75.130.71,2020-08-28 10:11:24.148,0,8,9,0,28779
5f48d8d971e7a1db242c2147,5f48d888125dc62ea40fb4fb,True,Normal,::ffff:85.75.130.71,2020-08-28 10:12:33.955,0,5,12,0,9067
5f48d8f471e7a1db242c2822,5f48d8d8125dc62ea40fb511,True,Normal,::ffff:85.75.130.71,2020-08-28 10:13:44.021,0,1,1,0,0
5f48d94171e7a1db242c3e25,5f48d8f3125dc62ea40fb513,True,Normal,::ffff:85.75.130.71,2020-08-28 10:14:21.980,0,3,3,1,10210
5f48d97971e7a1db242c4d5c,5f48d93f125dc62ea40fb51b,True,Normal,::ffff:85.75.130.71,2020-08-28 10:15:40.176,0,5,12,0,12530
5f48da1371e7a1db242c7ecb,5f48d5b6125dc62ea40fb39d,True,Normal,::ffff:94.71.45.143,2020-08-28 10:01:11.177,1,14,18,0,48452
5f4904d971e7a1db2437a2b2,5f49045e125dc62ea40fb54e,True,Normal,::ffff:5.203.147.111,2020-08-28 13:19:54.171,1,8,15,0,27914
5f490e9f71e7a1db243a9328,5f48d977125dc62ea40fb531,True,Normal,::ffff:85.75.130.71,2020-08-28 10:16:24.307,0,2,2,0,509
5f490e9f71e7a1db243a932e,5f490e5d125dc62ea40fb57e,True,Normal,::ffff:85.75.130.71,2020-08-28 14:02:37.268,1,11,22,2,31924
5f490eae71e7a1db243a99e3,5f490e92125dc62ea40fb5a8,True,Normal,::ffff:85.75.130.71,2020-08-28 14:03:06.149,0,4,4,0,7968
5f490ee571e7a1db243aab4f,5f490ead125dc62ea40fb5b9,True,Normal,::ffff:85.75.130.71,2020-08-28 14:03:25.000,0,1,1,0,0
5f491e8671e7a1db243faf3b,5f490ee3125dc62ea40fb5bd,True,Normal,::ffff:85.75.130.71,2020-08-28 14:04:24.293,0,3,6,0,4463
5f491ed671e7a1db243fd206,5f491e53125dc62ea40fb5c9,True,Normal,::ffff:85.75.130.71,2020-08-28 15:11:05.097,1,11,22,2,53964
5f491f0671e7a1db243fe177,5f491ed5125dc62ea40fb5f6,True,Normal,::ffff:85.75.130.71,2020-08-28 15:12:30.733,0,3,7,0,9139
5f491f3771e7a1db243ff2d4,5f491f04125dc62ea40fb604,True,Normal,::ffff:85.75.130.71,2020-08-28 15:13:16.873,0,2,3,0,7945
5f49278571e7a1db2442a90f,5f48d834125dc62ea40fb4cb,True,Normal,::ffff:176.92.147.1,2020-08-28 10:11:34.764,0,17,17,0,34596
5f49284d71e7a1db2442f945,5f492784125dc62ea40fb614,True,Normal,::ffff:176.92.147.1,2020-08-28 15:49:36.225,2,5,12,1,12204
5f49390d71e7a1db24493b5f,5f48560a125dc62ea40fb303,True,Normal,::ffff:45.92.126.90,2020-08-28 00:55:38.350,0,0,1,0,0
5f4942b671e7a1db244ccf1a,5f49425f125dc62ea40fb650,True,Normal,::ffff:5.203.161.104,2020-08-28 17:43:59.906,1,1,1,1,0
5f49634271e7a1db24591b36,5f4962a2125dc62ea40fb68c,True,Normal,::ffff:62.74.11.240,2020-08-28 20:02:30.517,1,19,26,0,52396
5f49634271e7a1db24591b49,5f496310125dc62ea40fb6cc,True,Normal,::ffff:62.74.11.240,2020-08-28 20:03:35.139,0,2,2,0,6867
5f49639571e7a1db24593e35,5f496335125dc62ea40fb6d0,True,Normal,::ffff:62.74.11.240,2020-08-28 20:04:33.515,0,4,5,0,27882
5f4963fe71e7a1db24596649,5f496394125dc62ea40fb6da,True,Normal,::ffff:62.74.11.240,2020-08-28 20:05:54.412,0,4,8,0,14142
5f49666c71e7a1db245a4b75,5f491f36125dc62ea40fb60c,True,Normal,::ffff:85.75.130.71,2020-08-28 15:14:06.776,0,2,3,0,8327
5f49668171e7a1db245a5390,5f49666b125dc62ea40fb6f5,True,Normal,::ffff:85.75.130.71,2020-08-28 20:17:50.468,0,3,10,2,3170
5f4966b871e7a1db245a695b,5f496680125dc62ea40fb708,True,Normal,::ffff:85.75.130.71,2020-08-28 20:18:42.004,1,13,21,0,33190
5f4966d971e7a1db245a762e,5f4966b6125dc62ea40fb736,True,Normal,::ffff:85.75.130.71,2020-08-28 20:19:10.212,0,3,5,0,7264
5f49937271e7a1db246a721b,5f4880de125dc62ea40fb309,True,Normal,::ffff:195.54.160.21,2020-08-28 03:58:22.330,0,1,1,1,0
5f4999a671e7a1db246cbbb3,5f499347125dc62ea40fb749,True,Normal,::ffff:195.54.160.21,2020-08-28 23:29:11.367,0,0,1,0,0
5f49a6eb71e7a1db24716789,5f49a681125dc62ea40fb74f,True,Normal,::ffff:62.74.2.30,2020-08-29 00:51:30.508,1,9,23,2,17454
5f49b04571e7a1db2474a4cc,5f4938d1125dc62ea40fb64e,True,Normal,::ffff:45.92.126.90,2020-08-28 17:03:13.369,0,0,1,0,0
5f49bd4871e7a1db24792c8a,5f4999a5125dc62ea40fb74b,True,Normal,::ffff:195.54.160.21,2020-08-28 23:56:21.114,0,0,1,0,0
5f49bfdc71e7a1db247a13fb,5f49ba7b125dc62ea40fb78b,True,Normal,::ffff:34.121.168.134,2020-08-29 02:16:27.023,0,0,1,0,0
5f49e62f71e7a1db248727db,5f4887bc125dc62ea40fb30b,True,Normal,::ffff:52.177.238.35,2020-08-28 04:27:40.934,0,0,1,0,0
5f49e96071e7a1db24880dbc,5f49e600125dc62ea40fb7e8,True,Normal,::ffff:52.177.238.35,2020-08-29 05:22:08.858,0,0,4,0,141
5f4a132471e7a1db24951236,5f49bd0a125dc62ea40fb78d,True,Normal,::ffff:195.54.160.21,2020-08-29 02:27:22.318,0,1,1,1,0
5f4a3dae71e7a1db24a1cc69,5f4a3d7b125dc62ea40fb825,True,Normal,::ffff:62.74.2.81,2020-08-29 11:35:23.657,0,1,1,0,0
5f4a3db071e7a1db24a1cce4,5f4a3d54125dc62ea40fb7fb,True,Normal,::ffff:62.74.2.81,2020-08-29 11:35:08.393,1,8,22,2,23908
5f4a40f571e7a1db24a2ca42,5f492816125dc62ea40fb62e,True,Normal,::ffff:176.92.147.1,2020-08-28 15:52:04.492,0,7,14,0,13585
5f4a413271e7a1db24a2df1f,5f4a40f3125dc62ea40fb83f,True,Normal,::ffff:176.92.147.1,2020-08-29 11:50:51.251,2,13,24,1,39294
5f4a414271e7a1db24a2e417,5f4a4131125dc62ea40fb873,True,Normal,::ffff:176.92.147.1,2020-08-29 11:51:13.097,0,1,1,0,0
5f4a589c71e7a1db24aa9ee1,5f4a12f3125dc62ea40fb7f3,True,Normal,::ffff:195.54.160.21,2020-08-29 08:33:55.275,0,0,1,0,0
5f4a5f0f71e7a1db24acf33a,5f4a5857125dc62ea40fb88e,True,Normal,::ffff:195.54.160.21,2020-08-29 13:29:59.839,0,0,1,0,0
5f4a856171e7a1db24bbec38,5f4a5f0e125dc62ea40fb890,True,Normal,::ffff:195.54.160.21,2020-08-29 13:58:38.357,0,0,1,0,0
5f4aba8371e7a1db24d3ec45,5f49e95e125dc62ea40fb7ee,True,Normal,::ffff:52.177.238.35,2020-08-29 05:36:30.847,0,0,2,0,23
5f4ac0ec71e7a1db24d702f5,5f49b00d125dc62ea40fb789,True,Normal,::ffff:45.92.126.90,2020-08-29 01:31:57.617,0,0,1,0,0
5f4ae03371e7a1db24e72798,5f4a851e125dc62ea40fb894,True,Normal,::ffff:195.54.160.21,2020-08-29 16:41:02.575,0,1,1,1,0
5f4af10171e7a1db24f08707,5f4ae002125dc62ea40fb8a0,True,Normal,::ffff:195.54.160.21,2020-08-29 23:08:50.751,0,0,1,0,0
5f4af2d471e7a1db24f18a93,5f4af0c8125dc62ea40fb8a4,True,Normal,::ffff:195.54.160.21,2020-08-30 00:20:24.644,0,0,1,0,0
5f4afdb771e7a1db24f7c3bf,5f4af2d3125dc62ea40fb8a6,True,Normal,::ffff:195.54.160.21,2020-08-30 00:29:07.109,0,0,1,0,0
5f4b073871e7a1db24fd3052,5f4aba58125dc62ea40fb899,True,Normal,::ffff:52.177.238.35,2020-08-29 20:28:08.977,0,0,2,0,23
5f4b171071e7a1db24063760,5f4afd79125dc62ea40fb8aa,True,Normal,::ffff:195.54.160.21,2020-08-30 01:14:33.690,0,1,1,1,0
5f4b1ddc71e7a1db240a18f2,5f4b16d5125dc62ea40fb8b0,True,Normal,::ffff:195.54.160.21,2020-08-30 03:02:45.108,0,0,1,0,0
5f4b4c8671e7a1db24230340,5f4ac90e125dc62ea40fb89e,True,Normal,::ffff:185.39.11.105,2020-08-29 21:30:54.446,0,0,1,0,0
5f4b642671e7a1db242da802,5f49bfdb125dc62ea40fb78f,True,Normal,::ffff:34.121.168.134,2020-08-29 02:39:23.505,0,0,1,0,0
5f4b91d071e7a1db243e9cfe,5f4b63e8125dc62ea40fb8b8,True,Normal,::ffff:34.121.168.134,2020-08-30 08:31:36.714,0,0,1,0,0
5f4be47871e7a1db24559d5f,5f4a4140125dc62ea40fb876,True,Normal,::ffff:176.92.147.1,2020-08-29 11:52:01.611,0,7,11,0,32644
5f4be4cb71e7a1db2455b082,5f4be448125dc62ea40fb8c8,True,Normal,::ffff:176.92.147.1,2020-08-30 17:39:33.679,1,7,18,2,13336
5f4be4f871e7a1db2455bcd1,5f4be4de125dc62ea40fb918,True,Normal,::ffff:2.86.65.229,2020-08-30 17:41:50.595,0,1,1,0,0
5f4be50871e7a1db2455c146,5f4be4f7125dc62ea40fb933,True,Normal,::ffff:2.86.65.229,2020-08-30 17:42:15.236,1,1,1,1,0
5f4be56771e7a1db2455d548,5f4be4d8125dc62ea40fb8f5,True,Normal,::ffff:94.71.12.230,2020-08-30 17:42:13.143,1,13,25,0,28618
5f4be57871e7a1db2455dac1,5f4be507125dc62ea40fb935,True,Normal,::ffff:2.86.65.229,2020-08-30 17:42:52.992,1,6,10,0,21235
5f4be5b271e7a1db2455e8ac,5f4be565125dc62ea40fb94a,True,Normal,::ffff:94.71.12.230,2020-08-30 17:44:44.490,0,7,10,0,38958
5f4be5e471e7a1db2455f3fb,5f4be5b1125dc62ea40fb969,True,Normal,::ffff:94.71.12.230,2020-08-30 17:45:40.369,0,5,13,0,18765
5f4be5ed71e7a1db2455f5d3,5f4be577125dc62ea40fb95a,True,Normal,::ffff:2.86.65.229,2020-08-30 17:44:45.583,0,3,4,0,21926
5f4be5f071e7a1db2455f8d9,5f4be5df125dc62ea40fb98a,True,Normal,::ffff:188.117.230.241,2020-08-30 17:46:07.299,0,1,1,0,0
5f4be61171e7a1db24560143,5f4be5ef125dc62ea40fb99a,True,Normal,::ffff:188.117.230.241,2020-08-30 17:46:32.139,1,4,10,0,8476
5f4be62271e7a1db245605b3,5f4be5e3125dc62ea40fb98d,True,Normal,::ffff:94.71.12.230,2020-08-30 17:46:29.646,0,5,6,0,18489
5f4be63c71e7a1db24560f16,5f4be610125dc62ea40fb9d0,True,Normal,::ffff:188.117.230.241,2020-08-30 17:46:56.624,0,2,2,0,465
5f4be64e71e7a1db24561362,5f4be4c9125dc62ea40fb8ec,True,Normal,::ffff:176.92.147.1,2020-08-30 17:41:46.523,0,5,7,0,16648
5f4be66b71e7a1db24561e7b,5f4be5eb125dc62ea40fb996,True,Normal,::ffff:2.86.65.229,2020-08-30 17:47:36.920,0,27,37,0,76955
5f4be68e71e7a1db24562721,5f4be64d125dc62ea40fba3a,True,Normal,::ffff:176.92.147.1,2020-08-30 17:48:44.250,0,17,24,0,47120
5f4be69171e7a1db24562811,5f4be63b125dc62ea40fba25,True,Normal,::ffff:188.117.230.241,2020-08-30 17:48:48.156,0,19,25,0,69027
5f4be69d71e7a1db24562c1e,5f4be621125dc62ea40fb9ed,True,Normal,::ffff:94.71.12.230,2020-08-30 17:47:32.195,0,6,12,0,18970
5f4be6c171e7a1db2456373f,5f4be690125dc62ea40fbaa8,True,Normal,::ffff:188.117.230.241,2020-08-30 17:49:04.216,0,1,1,0,0
5f4be6d471e7a1db24563c29,5f4be69b125dc62ea40fbac3,True,Normal,::ffff:94.71.12.230,2020-08-30 17:49:28.458,0,8,9,0,12786
5f4be71471e7a1db24564b57,5f4be6d3125dc62ea40fbb0b,True,Normal,::ffff:94.71.12.230,2020-08-30 17:50:18.460,0,6,6,0,6789
5f4be71c71e7a1db24564e1a,5f4be6c0125dc62ea40fbaf7,True,Normal,::ffff:188.117.230.241,2020-08-30 17:50:13.279,0,6,6,0,21207
5f4be73e71e7a1db245656d4,5f4be68c125dc62ea40fbaa6,True,Normal,::ffff:176.92.147.1,2020-08-30 17:50:16.492,0,22,31,0,75699
5f4be77171e7a1db24566823,5f4be713125dc62ea40fbb21,True,Normal,::ffff:94.71.12.230,2020-08-30 17:52:31.326,0,43,52,1,76012
5f4be78971e7a1db24566da0,5f4be71b125dc62ea40fbb23,True,Normal,::ffff:188.117.230.241,2020-08-30 17:51:23.027,0,1,1,0,0
5f4be78971e7a1db24566dbb,5f4be770125dc62ea40fbbd5,True,Normal,::ffff:94.71.12.230,2020-08-30 17:52:56.584,0,5,6,0,8048
5f4be79271e7a1db2456715d,5f4be73c125dc62ea40fbb53,True,Normal,::ffff:176.92.147.1,2020-08-30 17:52:59.256,0,16,35,0,62556
5f4be7c871e7a1db24567ff4,5f4be791125dc62ea40fbbfa,True,Normal,::ffff:176.92.147.1,2020-08-30 17:53:53.543,0,9,16,0,32075
5f4be7e171e7a1db24568748,5f4be788125dc62ea40fbbe9,True,Normal,::ffff:94.71.12.230,2020-08-30 17:53:44.224,0,8,25,0,31689
5f4be7ed71e7a1db24568b97,5f4be7c6125dc62ea40fbc51,True,Normal,::ffff:176.92.147.1,2020-08-30 17:54:14.808,0,1,1,0,0
5f4be85071e7a1db2456ae49,5f4be7df125dc62ea40fbc58,True,Normal,::ffff:94.71.12.230,2020-08-30 17:55:06.402,0,14,33,0,27306
5f4be8f671e7a1db2456d133,5f4be788125dc62ea40fbbe8,True,Normal,::ffff:188.117.230.241,2020-08-30 17:53:51.906,0,9,9,0,39540
5f4be90671e7a1db2456d633,5f4be84e125dc62ea40fbcf2,True,Normal,::ffff:94.71.12.230,2020-08-30 17:56:53.243,0,5,13,0,22653
5f4be96771e7a1db2456eb6a,5f4be8f5125dc62ea40fbd0c,True,Normal,::ffff:188.117.230.241,2020-08-30 17:59:43.070,0,5,6,0,25913
5f4be99371e7a1db2456f5b2,5f4966d8125dc62ea40fb743,True,Normal,::ffff:85.75.130.71,2020-08-28 20:19:36.574,0,1,1,0,0
5f4be9a671e7a1db2456fa86,5f4be965125dc62ea40fbd1f,True,Normal,::ffff:188.117.230.241,2020-08-30 18:01:28.827,0,5,5,0,18896
5f4be9b071e7a1db2456fe5e,5f4be991125dc62ea40fbd2a,True,Normal,::ffff:85.75.130.71,2020-08-30 18:02:07.574,0,3,13,2,13884
5f4be9c171e7a1db245702f0,5f4be9a5125dc62ea40fbd42,True,Normal,::ffff:188.117.230.241,2020-08-30 18:02:17.846,0,1,2,0,4620
5f4be9d971e7a1db245707a6,5f4be9af125dc62ea40fbd46,True,Normal,::ffff:85.75.130.71,2020-08-30 18:02:37.762,1,7,11,0,14348
5f4becd371e7a1db2457bb5c,5f4be905125dc62ea40fbd16,True,Normal,::ffff:94.71.12.230,2020-08-30 17:59:34.397,0,1,3,0,1205
5f4bed0671e7a1db2457c7ed,5f4becd2125dc62ea40fbdd1,True,Normal,::ffff:94.71.12.230,2020-08-30 18:16:05.946,1,5,18,1,19256
5f4bee7871e7a1db24581844,5f4be9d8125dc62ea40fbd69,True,Normal,::ffff:85.75.130.71,2020-08-30 18:04:45.611,0,30,46,0,100966
5f4beeac71e7a1db24582594,5f4bee77125dc62ea40fbdfb,True,Normal,::ffff:85.75.130.71,2020-08-30 18:23:10.674,0,5,11,1,23561
5f4beee471e7a1db24583447,5f4beea9125dc62ea40fbe11,True,Normal,::ffff:85.75.130.71,2020-08-30 18:23:49.896,1,6,21,0,12401
5f4bf78d71e7a1db245a3b90,5f4bf578125dc62ea40fbe42,True,Normal,::ffff:212.93.150.101,2020-08-30 18:52:57.256,1,5,11,0,17082
5f4bf7cd71e7a1db245a4c98,5f4bf75a125dc62ea40fbe5a,True,Normal,::ffff:212.93.150.101,2020-08-30 19:00:56.193,0,5,12,0,13752
5f4bfcc471e7a1db245bb346,5f4bfca7125dc62ea40fbf00,True,Normal,::ffff:5.203.176.193,2020-08-30 19:23:25.295,0,3,13,2,5394
5f4bfcf571e7a1db245bc4c7,5f4bfcc3125dc62ea40fbf18,True,Normal,::ffff:5.203.176.193,2020-08-30 19:24:16.510,1,9,25,0,29199
5f4bfd1471e7a1db245bce12,5f4be9c0125dc62ea40fbd60,True,Normal,::ffff:188.117.230.241,2020-08-30 18:03:03.564,0,5,5,0,22868
5f4bfd3871e7a1db245bdb87,5f4bfcf4125dc62ea40fbf54,True,Normal,::ffff:5.203.176.193,2020-08-30 19:25:22.858,0,16,20,0,46221
5f4bfd5f71e7a1db245be65b,5f4bfd37125dc62ea40fbfc3,True,Normal,::ffff:5.203.176.193,2020-08-30 19:25:58.902,0,3,3,0,15812
5f4bfd6f71e7a1db245beb68,5f4bfd13125dc62ea40fbf75,True,Normal,::ffff:188.117.230.241,2020-08-30 19:25:49.594,1,13,33,2,42214
5f4bfd9371e7a1db245bf597,5f4bfd5d125dc62ea40fbfd0,True,Normal,::ffff:5.203.176.193,2020-08-30 19:26:43.694,0,5,11,0,21861
5f4bfdb371e7a1db245bff55,5f4bfd92125dc62ea40fbff4,True,Normal,::ffff:5.203.176.193,2020-08-30 19:27:14.237,0,1,1,0,0
5f4bfdca71e7a1db245c0497,5f4bfdb2125dc62ea40fbff6,True,Normal,::ffff:5.203.176.193,2020-08-30 19:27:47.446,0,2,2,0,1438
5f4c167f71e7a1db24626c1f,5f4ac0eb125dc62ea40fb89c,True,Normal,::ffff:45.92.126.90,2020-08-29 20:56:11.608,0,0,1,0,0
5f4c262371e7a1db24694ef1,5f4bed05125dc62ea40fbdf5,True,Normal,::ffff:94.71.12.230,2020-08-30 18:16:38.614,0,2,3,0,1567
5f4c292e71e7a1db246a14d9,5f4be7ec125dc62ea40fbc87,True,Normal,::ffff:176.92.147.1,2020-08-30 17:56:14.155,0,21,33,0,82117
5f4c293f71e7a1db246a1a2a,5f4c292c125dc62ea40fc03a,True,Normal,::ffff:176.92.147.1,2020-08-30 22:33:18.579,0,3,8,2,1717
5f4c296771e7a1db246a25e4,5f4c293e125dc62ea40fc048,True,Normal,::ffff:176.92.147.1,2020-08-30 22:33:53.110,1,6,21,0,18555
5f4c29cd71e7a1db246a490a,5f4c2966125dc62ea40fc078,True,Normal,::ffff:176.92.147.1,2020-08-30 22:34:58.969,0,8,12,0,44508
5f4c60ab71e7a1db24782290,5f4b1ddb125dc62ea40fb8b2,True,Normal,::ffff:195.54.160.21,2020-08-30 03:32:43.315,0,1,1,1,0
5f4c624271e7a1db247881c2,5f4c6079125dc62ea40fc0e0,True,Normal,::ffff:195.54.160.21,2020-08-31 02:29:13.872,0,0,1,0,0
5f4c6c8871e7a1db247ac7de,5f4c6241125dc62ea40fc0e2,True,Normal,::ffff:195.54.160.21,2020-08-31 02:36:49.260,0,0,1,0,0
5f4c82da71e7a1db247fb72d,5f4c6c5e125dc62ea40fc0e4,True,Normal,::ffff:195.54.160.21,2020-08-31 03:19:58.774,0,1,1,1,0
5f4c897d71e7a1db24812ad8,5f4c82ae125dc62ea40fc0e6,True,Normal,::ffff:195.54.160.21,2020-08-31 04:55:10.667,0,0,1,0,0
5f4c9a5d71e7a1db2484e02d,5f4c9a29125dc62ea40fc0ea,True,Normal,::ffff:85.75.130.71,2020-08-31 06:35:23.697,0,1,3,1,2601
5f4c9a5d71e7a1db2484e032,5f4beee3125dc62ea40fbe3d,True,Normal,::ffff:85.75.130.71,2020-08-30 18:24:35.259,0,1,1,0,0
5f4cb60371e7a1db248aeb81,5f497ba6125dc62ea40fb745,True,Normal,::ffff:181.143.101.194,2020-08-28 21:48:22.851,0,1,1,1,0
5f4cd4ad71e7a1db249219c8,5f4c29cc125dc62ea40fc091,True,Normal,::ffff:176.92.147.1,2020-08-30 22:36:39.514,0,10,35,0,42941
5f4ce3d871e7a1db2495eeeb,5f4bfd6e125dc62ea40fbfe5,True,Normal,::ffff:188.117.230.241,2020-08-30 19:26:46.019,0,3,5,0,7677
5f4ce44671e7a1db24960b43,5f4ce3ac125dc62ea40fc156,True,Normal,::ffff:188.117.230.241,2020-08-31 11:50:02.676,1,16,40,2,62430
5f4ce7d171e7a1db2496efe8,5f4c1643125dc62ea40fc029,True,Normal,::ffff:45.92.126.90,2020-08-30 21:12:35.339,0,0,1,0,0
5f4d04ce71e7a1db249f077d,5f4ce7d0125dc62ea40fc1be,True,Normal,::ffff:45.92.126.90,2020-08-31 12:06:40.027,0,0,1,0,0
5f4d359b71e7a1db24b0d649,5f4d3562125dc62ea40fc1c8,True,Normal,::ffff:109.178.137.107,2020-08-31 17:37:38.869,1,1,1,1,0
5f4d359b71e7a1db24b0d657,5f4d3552125dc62ea40fc1c6,True,Normal,::ffff:109.178.137.107,2020-08-31 17:37:22.555,1,1,1,1,0
5f4d35a471e7a1db24b0d9e4,5f4d3591125dc62ea40fc1ca,True,Normal,::ffff:109.178.137.107,2020-08-31 17:38:25.830,0,1,1,1,0
5f4d3e6571e7a1db24b423c6,5f4cd47b125dc62ea40fc144,True,Normal,::ffff:176.92.147.1,2020-08-31 10:44:13.541,0,3,8,2,1673
5f4d3e9f71e7a1db24b4391a,5f4d3e36125dc62ea40fc1f8,True,Normal,::ffff:176.92.147.1,2020-08-31 18:16:12.393,0,9,32,0,54386
5f4d3ecd71e7a1db24b44b5f,5f4d3e9d125dc62ea40fc23a,True,Normal,::ffff:176.92.147.1,2020-08-31 18:17:27.564,0,4,13,0,25787
5f4d3f1271e7a1db24b46aca,5f4c897c125dc62ea40fc0e8,True,Normal,::ffff:195.54.160.21,2020-08-31 05:24:12.471,0,1,1,1,0
5f4d43d271e7a1db24b63291,5f4d3f11125dc62ea40fc258,True,Normal,::ffff:195.54.160.21,2020-08-31 18:18:57.705,0,0,1,0,0
5f4d4b8d71e7a1db24b92706,5f4ce445125dc62ea40fc1a8,True,Normal,::ffff:188.117.230.241,2020-08-31 11:51:52.829,0,5,11,0,19459
5f4d4bc871e7a1db24b94187,5f4d4b8c125dc62ea40fc25e,True,Normal,::ffff:188.117.230.241,2020-08-31 19:12:38.985,1,8,28,2,26731
5f4d4c0371e7a1db24b9597e,5f4d4bc7125dc62ea40fc29c,True,Normal,::ffff:188.117.230.241,2020-08-31 19:13:49.831,0,8,13,0,38292
5f4d605f71e7a1db24c215cb,5f4d43d0125dc62ea40fc25a,True,Normal,::ffff:195.54.160.21,2020-08-31 18:39:12.784,0,0,1,0,0
5f4da3e171e7a1db24de1ca0,5f4d602f125dc62ea40fc31d,True,Normal,::ffff:195.54.160.21,2020-08-31 20:40:15.175,0,1,1,1,0
5f4db63271e7a1db24e55ff1,5f4da3a3125dc62ea40fc323,True,Normal,::ffff:195.54.160.21,2020-09-01 01:28:03.030,0,0,1,0,0
5f4df18671e7a1db24fd1192,5f4ce06c125dc62ea40fc152,True,Normal,::ffff:218.253.242.63,2020-08-31 11:35:08.262,0,1,1,1,0
5f4dfbf271e7a1db2400761b,5f4c9a3a125dc62ea40fc0f0,True,Normal,::ffff:85.75.130.71,2020-08-31 06:36:24.721,1,14,35,0,45846
5f4dfbf671e7a1db2400777b,5f4dfbc8125dc62ea40fc337,True,Normal,::ffff:85.75.130.71,2020-09-01 07:44:37.578,1,9,31,2,29180
5f4dfc6471e7a1db24009b8c,5f4dfbf5125dc62ea40fc37a,True,Normal,::ffff:85.75.130.71,2020-09-01 07:45:25.662,0,8,14,0,31936
5f4dfc7771e7a1db2400a1e8,5f4dfc63125dc62ea40fc399,True,Normal,::ffff:85.75.130.71,2020-09-01 07:46:43.843,0,2,2,0,522
5f4e136c71e7a1db2407eaa4,5f4dfc75125dc62ea40fc3a0,True,Normal,::ffff:85.75.130.71,2020-09-01 07:48:20.510,0,15,30,0,78612
5f4e1c9371e7a1db240adfd1,5f4d3ecc125dc62ea40fc254,True,Normal,::ffff:176.92.147.1,2020-08-31 18:18:01.107,0,2,2,0,12362
5f4e25f271e7a1db240dd191,5f4e1339125dc62ea40fc3de,True,Normal,::ffff:85.75.130.71,2020-09-01 09:24:44.642,1,9,27,1,35324
5f4e27d071e7a1db240e614e,5f4e27ba125dc62ea40fc48b,True,Normal,::ffff:155.207.18.186,2020-09-01 10:51:38.022,0,0,2,0,17
5f4e28a771e7a1db240ea54d,5f4e27cf125dc62ea40fc48e,True,Normal,::ffff:155.207.18.186,2020-09-01 10:51:59.693,1,1,1,1,0
5f4e28c071e7a1db240eabc6,5f4e28a6125dc62ea40fc493,True,Normal,::ffff:155.207.18.186,2020-09-01 10:55:34.617,0,1,1,0,0
5f4e28cd71e7a1db240eb0f2,5f4e1c4a125dc62ea40fc418,True,Normal,::ffff:176.92.147.1,2020-09-01 10:04:06.144,1,16,50,0,75830
5f4e28d571e7a1db240eb43b,5f4e28bf125dc62ea40fc495,True,Normal,::ffff:155.207.18.186,2020-09-01 10:56:02.616,1,4,10,0,3542
5f4e292c71e7a1db240ed652,5f4e28d4125dc62ea40fc4b4,True,Normal,::ffff:155.207.18.186,2020-09-01 10:57:11.814,0,12,21,0,51783
5f4e3b1171e7a1db24148966,5f4e28cc125dc62ea40fc4aa,True,Normal,::ffff:176.92.147.1,2020-09-01 10:56:39.626,1,12,44,2,27030
5f4e3b1171e7a1db2414898e,5f4e3ad6125dc62ea40fc549,True,Normal,::ffff:176.92.147.1,2020-09-01 12:13:49.717,1,12,37,2,39370
5f4e3b2571e7a1db241490d5,5f4e3b0d125dc62ea40fc597,True,Normal,::ffff:176.92.147.1,2020-09-01 12:14:05.420,0,1,1,0,0
5f4e53bd71e7a1db241d6fda,5f4e538a125dc62ea40fc59b,True,Normal,::ffff:85.75.130.71,2020-09-01 13:58:54.074,1,4,21,0,19661
5f4e53bd71e7a1db241d6fe5,5f4e25be125dc62ea40fc480,True,Normal,::ffff:85.75.130.71,2020-09-01 10:43:14.095,0,2,5,2,3587
5f4e53cd71e7a1db241d7638,5f4e53b5125dc62ea40fc5c5,True,Normal,::ffff:85.75.130.71,2020-09-01 13:59:22.133,0,4,4,0,4529
5f4e542571e7a1db241d9caa,5f4e53cc125dc62ea40fc5ce,True,Normal,::ffff:85.75.130.71,2020-09-01 14:00:17.436,0,11,26,0,37207
5f4e544c71e7a1db241dad97,5f4e5424125dc62ea40fc609,True,Normal,::ffff:85.75.130.71,2020-09-01 14:01:27.804,0,4,4,0,19416
5f4e54c471e7a1db241dddc7,5f4e5448125dc62ea40fc613,True,Normal,::ffff:85.75.130.71,2020-09-01 14:02:15.983,0,5,10,0,31409
5f4e54eb71e7a1db241dee62,5f4e54c3125dc62ea40fc628,True,Normal,::ffff:85.75.130.71,2020-09-01 14:03:47.576,0,2,2,0,523
5f4e552771e7a1db241e0927,5f4e54ea125dc62ea40fc62f,True,Normal,::ffff:85.75.130.71,2020-09-01 14:04:54.760,0,7,19,0,28314
5f4e6af771e7a1db24272817,5f4e3b24125dc62ea40fc599,True,Normal,::ffff:176.92.147.1,2020-09-01 12:14:28.044,0,1,1,0,0
5f4e6af771e7a1db24272827,5f4e6a8e1614c5073010e5b3,True,Normal,::ffff:188.117.230.241,2020-09-01 15:36:46.459,0,3,3,2,269
5f4e6af771e7a1db2427283f,5f4e6adcf60eb707632e2eed,True,Normal,::ffff:188.117.230.241,2020-09-01 15:38:06.380,0,3,8,2,1857
5f4e6b0771e7a1db2427322b,5f4e6ac7f60eb707632e2eb3,True,Normal,::ffff:176.92.147.1,2020-09-01 15:37:57.218,1,7,29,2,13705
5f4e6b3471e7a1db24274895,5f4e6af4f60eb707632e2efb,True,Normal,::ffff:188.117.230.241,2020-09-01 15:38:46.388,1,7,24,0,17921
5f4e6b3771e7a1db24274a31,5f4e6b06f60eb707632e2f2e,True,Normal,::ffff:176.92.147.1,2020-09-01 15:39:14.845,0,9,12,0,28187
5f4e6b4771e7a1db24275240,5f4e6b36f60eb707632e2f53,True,Normal,::ffff:176.92.147.1,2020-09-01 15:39:34.263,0,1,1,0,0
5f4e6b6771e7a1db24276392,5f4e6b33f60eb707632e2f46,True,Normal,::ffff:188.117.230.241,2020-09-01 15:39:51.982,0,6,11,0,20667
5f4e6b8a71e7a1db2427755e,5f4e6b66f60eb707632e2f91,True,Normal,::ffff:188.117.230.241,2020-09-01 15:40:30.855,0,4,4,0,8397
5f4e6bb171e7a1db242789b4,5f4e6b46f60eb707632e2f64,True,Normal,::ffff:176.92.147.1,2020-09-01 15:41:00.482,0,23,44,0,70266
5f4e6bf271e7a1db2427a86c,5f4e6b88f60eb707632e2fce,True,Normal,::ffff:188.117.230.241,2020-09-01 15:42:06.173,0,14,29,0,69222
5f4e6bf971e7a1db2427ac7d,5f4e6bb0f60eb707632e3005,True,Normal,::ffff:176.92.147.1,2020-09-01 15:41:48.754,0,4,17,0,12074
5f4e6c2971e7a1db2427c33e,5f4e6bf8f60eb707632e3039,True,Normal,::ffff:176.92.147.1,2020-09-01 15:42:52.217,0,1,9,0,3500
5f4e6c3d71e7a1db2427ce68,5f4e5526125dc62ea40fc656,True,Normal,::ffff:85.75.130.71,2020-09-01 14:06:11.234,0,5,17,0,44543
5f4e6c5671e7a1db2427d9c9,5f4e6c3cf60eb707632e3073,True,Normal,::ffff:85.75.130.71,2020-09-01 15:44:00.435,0,3,13,2,4366
5f4e6c7171e7a1db2427e9e2,5f4e6c55f60eb707632e308d,True,Normal,::ffff:85.75.130.71,2020-09-01 15:44:31.119,1,6,26,0,10021
5f4e6c8c71e7a1db2427f4aa,5f4e6c70f60eb707632e30c1,True,Normal,::ffff:85.75.130.71,2020-09-01 15:44:57.343,0,4,4,0,8913
5f4e6c9271e7a1db2427f96c,5f4e6c27f60eb707632e304d,True,Normal,::ffff:176.92.147.1,2020-09-01 15:43:41.406,0,3,19,0,5451
5f4e6ca071e7a1db242800ff,5f4e6bf1f60eb707632e3035,True,Normal,::ffff:188.117.230.241,2020-09-01 15:42:44.454,0,2,2,0,3255
5f4e6cb471e7a1db24280cdf,5f4e6c8af60eb707632e30ca,True,Normal,::ffff:85.75.130.71,2020-09-01 15:45:32.452,0,5,10,0,17702
5f4e6cbd71e7a1db2428106a,5f4e6c8ff60eb707632e30d0,True,Normal,::ffff:176.92.147.1,2020-09-01 15:45:32.223,0,5,5,0,13052
5f4e6d0071e7a1db24282f99,5f4e6cbcf60eb707632e311f,True,Normal,::ffff:176.92.147.1,2020-09-01 15:46:04.272,0,1,1,0,0
5f4e6d8371e7a1db24286fcf,5f4e6cfff60eb707632e3123,True,Normal,::ffff:176.92.147.1,2020-09-01 15:47:11.362,0,1,1,0,0
5f4e6d9471e7a1db24287a24,5f4e6c9ef60eb707632e30ec,True,Normal,::ffff:188.117.230.241,2020-09-01 15:45:49.636,0,5,22,0,15014
5f4e6def71e7a1db2428a9f3,5f4e6d818b76cc08f787b343,True,Normal,::ffff:176.92.147.1,2020-09-01 15:50:47.981,0,16,62,0,86097
5f4e6dfc71e7a1db2428b24f,5f4e6d928b76cc08f787b37b,True,Normal,::ffff:188.117.230.241,2020-09-01 15:49:47.012,0,2,17,0,8121
5f4e6f8771e7a1db242976a5,5f4e6dee8b76cc08f787b3ea,True,Normal,::ffff:176.92.147.1,2020-09-01 15:51:15.866,0,1,14,0,5181
5f4e72bb71e7a1db242c5d21,5f4e6f858b76cc08f787b43c,True,Normal,::ffff:176.92.147.1,2020-09-01 15:58:03.079,0,3,19,0,5555
5f4e770c71e7a1db242ec91e,5f4e72b98b76cc08f787b460,True,Normal,::ffff:176.92.147.1,2020-09-01 16:11:45.632,1,4,20,0,7799
5f4e776271e7a1db242ef3c5,5f4e770a8b76cc08f787b489,True,Normal,::ffff:176.92.147.1,2020-09-01 16:30:28.339,0,7,7,0,25346
5f4e848471e7a1db24356ebb,5f4e84348b76cc08f787b4a9,True,Normal,::ffff:85.75.130.71,2020-09-01 17:26:13.266,0,1,2,1,1247
5f4e848471e7a1db24356eca,5f4e6cb3f60eb707632e3118,True,Normal,::ffff:85.75.130.71,2020-09-01 15:46:16.105,0,5,5,0,20753
5f4e848471e7a1db24356ee6,5f4e84468b76cc08f787b4ad,True,Normal,::ffff:85.75.130.71,2020-09-01 17:27:02.047,1,10,26,0,31790
5f4e849b71e7a1db2435796e,5f4e77618b76cc08f787b496,True,Normal,::ffff:176.92.147.1,2020-09-01 16:31:41.631,0,3,3,0,12322
5f4e94a771e7a1db243d8715,5f4d048e125dc62ea40fc1c0,True,Normal,::ffff:45.92.126.90,2020-08-31 14:09:18.093,0,0,1,0,0
5f4e94a771e7a1db243d8719,5f4e6dfb8b76cc08f787b406,True,Normal,::ffff:188.117.230.241,2020-09-01 15:51:36.001,1,8,26,0,12755
5f4ea64a71e7a1db24472311,5f4b0706125dc62ea40fb8ad,True,Normal,::ffff:52.177.238.35,2020-08-30 01:55:18.346,0,0,2,0,132
5f4eb0ab71e7a1db244cec5b,5f4e847f8b76cc08f787b4ea,True,Normal,::ffff:85.75.130.71,2020-09-01 17:27:41.053,0,4,11,0,13756
5f4ec45271e7a1db2457c2e2,5f4ec42a8b76cc08f787b59a,True,Normal,::ffff:176.92.147.1,2020-09-01 21:59:08.003,0,3,9,2,1738
5f4ec45271e7a1db2457c2ec,5f4e84998b76cc08f787b500,True,Normal,::ffff:176.92.147.1,2020-09-01 17:27:55.108,0,1,2,1,1171
5f4ed59471e7a1db246157d0,5f4e94a48b76cc08f787b54e,True,Normal,::ffff:45.92.126.90,2020-09-01 18:36:20.500,0,0,1,0,0
5f4efbce71e7a1db247637b9,5f4efb8c8b76cc08f787b5dd,True,Normal,::ffff:94.66.58.182,2020-09-02 01:55:24.641,0,1,1,0,0
5f4efbff71e7a1db24765213,5f4efb9c8b76cc08f787b5df,True,Normal,::ffff:94.66.58.182,2020-09-02 01:56:24.990,1,13,34,0,44576
5f4efc5e71e7a1db24768f6f,5f4efbfd8b76cc08f787b630,True,Normal,::ffff:94.66.58.182,2020-09-02 01:57:34.497,0,3,15,0,17029
5f4f048d71e7a1db247b0d6d,5f4ed5628b76cc08f787b5d8,True,Normal,::ffff:45.92.126.90,2020-09-01 23:12:34.475,0,0,1,0,0
5f4f065271e7a1db247c0b23,5f4cb5cf125dc62ea40fc140,True,Normal,::ffff:181.143.101.194,2020-08-31 08:33:19.152,0,1,1,1,0
5f4f17e171e7a1db2485afe5,5f4b4c5e125dc62ea40fb8b4,True,Normal,::ffff:185.39.11.105,2020-08-30 06:51:10.458,0,0,1,0,0
5f4f478c71e7a1db24a078dc,5f4f17a58b76cc08f787b6d0,True,Normal,::ffff:185.39.11.105,2020-09-02 03:55:17.441,0,0,1,0,0
5f4f4b1a71e7a1db24a1dbed,5f4e292b125dc62ea40fc53a,True,Normal,::ffff:155.207.18.186,2020-09-01 10:58:09.395,0,4,5,0,21782
5f4f4e1f71e7a1db24a30fe1,5f4eb0668b76cc08f787b56c,True,Normal,::ffff:85.75.130.71,2020-09-01 20:35:10.797,1,5,22,1,24399
5f4f72d971e7a1db24b13ff2,5f4f72ab8b76cc08f787b80c,True,Normal,::ffff:5.203.194.154,2020-09-02 10:23:42.551,0,1,11,0,2775
5f4f72d971e7a1db24b14003,5f4f722f8b76cc08f787b780,True,Normal,::ffff:5.203.194.154,2020-09-02 10:22:57.479,1,22,66,2,81890
5f4f77bf71e7a1db24b325cb,5f4e94788b76cc08f787b508,True,Normal,::ffff:188.117.230.241,2020-09-01 18:36:02.574,1,13,36,2,25952
5f4f7efa71e7a1db24b609ec,5f4f7ec78b76cc08f787b878,True,Normal,::ffff:94.66.58.158,2020-09-02 11:15:28.439,1,4,20,0,9009
5f4f8e9d71e7a1db24bc6e45,5f4f7ef88b76cc08f787b8a0,True,Normal,::ffff:94.66.58.158,2020-09-02 11:16:21.620,0,3,4,0,12858
5f4f951071e7a1db24bf1fa1,5f4f045b8b76cc08f787b6c8,True,Normal,::ffff:45.92.126.90,2020-09-02 02:32:59.934,0,0,1,0,0
5f4fc57771e7a1db24ced0ae,5f4f4e1e8b76cc08f787b6fc,True,Normal,::ffff:85.75.130.71,2020-09-02 07:48:37.264,1,18,62,2,55250
5f4fd4ff71e7a1db24d31fef,5f4fc5458b76cc08f787b8b4,True,Normal,::ffff:85.75.130.71,2020-09-02 16:16:26.689,1,8,30,2,21305
5f4fd5dc71e7a1db24d3633f,5f4fd4cf8b76cc08f787b8f0,True,Normal,::ffff:85.75.130.71,2020-09-02 17:22:24.848,0,3,9,2,1629
5f50053371e7a1db24e207f4,5f4d3adf125dc62ea40fc1ce,True,Normal,::ffff:41.213.138.16,2020-08-31 18:01:03.371,0,1,1,1,0
5f50278571e7a1db24ee7734,5f4db601125dc62ea40fc325,True,Normal,::ffff:195.54.160.21,2020-09-01 02:46:25.796,0,1,1,1,0
5f50294471e7a1db24ef3f9e,5f5027578b76cc08f787b938,True,Normal,::ffff:195.54.160.21,2020-09-02 23:14:31.705,0,0,1,0,0
5f50348771e7a1db24f43f92,5f5029428b76cc08f787b93a,True,Normal,::ffff:195.54.160.21,2020-09-02 23:22:42.872,0,0,1,0,0
5f504c9071e7a1db24fd4014,5f5034518b76cc08f787b93c,True,Normal,::ffff:195.54.160.21,2020-09-03 00:09:53.011,0,1,1,1,0
5f50539e71e7a1db24fee076,5f504c608b76cc08f787b93e,True,Normal,::ffff:195.54.160.21,2020-09-03 01:52:32.348,0,0,1,0,0
5f505e6e71e7a1db24021bee,5f4f950f8b76cc08f787b8ac,True,Normal,::ffff:45.92.126.90,2020-09-02 12:50:23.276,0,0,1,0,0
5f50618a71e7a1db240370aa,5f4f06508b76cc08f787b6ca,True,Normal,::ffff:181.143.101.194,2020-09-02 02:41:20.945,0,1,1,1,0
5f5091c871e7a1db24174af4,5f4fd5da8b76cc08f787b900,True,Normal,::ffff:85.75.130.71,2020-09-02 17:27:03.927,1,5,26,0,13220
5f50cc2171e7a1db242ff7a4,5f50982b8b76cc08f787b952,True,Normal,::ffff:94.66.58.254,2020-09-03 07:16:05.330,1,5,21,0,9333
5f50d0e571e7a1db24320da8,5f50d0bd6bd6332e3c4674a5,True,Normal,::ffff:31.14.246.137,2020-09-03 11:17:30.910,1,5,11,0,13041
5f50d11371e7a1db243221e8,5f50d0e46bd6332e3c4674bb,True,Normal,::ffff:31.14.246.137,2020-09-03 11:18:25.268,0,7,11,0,28746
5f50d16471e7a1db243245bc,5f50d1126bd6332e3c4674d1,True,Normal,::ffff:31.14.246.137,2020-09-03 11:19:43.560,0,13,14,0,61525
5f50d1f171e7a1db24328644,5f50d1626bd6332e3c4674f2,True,Normal,::ffff:31.14.246.137,2020-09-03 11:21:22.377,0,21,35,0,79994
5f50d39571e7a1db2433371e,5f50d1f06bd6332e3c46753b,True,Normal,::ffff:31.14.246.137,2020-09-03 11:23:39.963,0,11,23,0,75149
5f50d3c371e7a1db24334875,5f50d3946bd6332e3c467573,True,Normal,::ffff:31.14.246.137,2020-09-03 11:29:24.286,0,1,1,0,0
5f50d3d771e7a1db2433522b,5f50d3c16bd6332e3c467575,True,Normal,::ffff:31.14.246.137,2020-09-03 11:30:14.483,0,1,3,0,4533
5f50d40c71e7a1db24336991,5f50d3d66bd6332e3c46757b,True,Normal,::ffff:31.14.246.137,2020-09-03 11:30:54.659,0,5,14,0,23920
5f50d4da71e7a1db2433c50a,5f50d40b6bd6332e3c467598,True,Normal,::ffff:31.14.246.137,2020-09-03 11:31:51.651,0,8,11,0,28322
5f50d67a71e7a1db24346f99,5f50d4d86bd6332e3c4675b3,True,Normal,::ffff:31.14.246.137,2020-09-03 11:35:00.715,0,2,5,0,11765
5f50dd1571e7a1db24373474,5f50cbf16bd6332e3c467474,True,Normal,::ffff:94.66.58.254,2020-09-03 10:57:11.369,2,8,24,3,22085
5f50e6f871e7a1db243b5038,5f50dd136bd6332e3c4675ff,True,Normal,::ffff:94.66.58.254,2020-09-03 12:10:47.138,2,18,69,4,51155
5f50e6f871e7a1db243b5047,5f50e6bc4bc066363d382d6d,True,Normal,::ffff:94.66.58.254,2020-09-03 12:51:08.634,0,3,3,2,376
5f50e7a871e7a1db243ba1f1,5f4c25eb125dc62ea40fc02f,True,Normal,::ffff:94.71.12.230,2020-08-30 22:19:25.695,0,3,5,2,2673
5f50e93a71e7a1db243c4bf5,5f50e9274bc066363d382ded,True,Normal,::ffff:46.177.6.186,2020-09-03 13:01:27.609,0,1,1,0,0
5f50e95971e7a1db243c5888,5f50e9394bc066363d382def,True,Normal,::ffff:46.177.6.186,2020-09-03 13:01:49.115,1,4,10,0,3838
5f50e97071e7a1db243c6262,5f50e9584bc066363d382e03,True,Normal,::ffff:46.177.6.186,2020-09-03 13:02:16.039,0,1,1,0,0
5f50e9c171e7a1db243c84e1,5f50e96f4bc066363d382e05,True,Normal,::ffff:46.177.6.186,2020-09-03 13:02:39.138,0,1,1,0,0
5f50e9dd71e7a1db243c91ef,5f50e9bf4bc066363d382e07,True,Normal,::ffff:46.177.6.186,2020-09-03 13:04:08.844,0,2,2,0,9091
5f50e9ed71e7a1db243c9871,5f50e9dc4bc066363d382e0b,True,Normal,::ffff:46.177.6.186,2020-09-03 13:04:28.170,0,1,1,0,0
5f50ea2d71e7a1db243cb6f5,5f4be66a125dc62ea40fba87,True,Normal,::ffff:2.86.65.229,2020-08-30 17:48:33.612,0,4,4,0,7013
5f50ea4671e7a1db243cc253,5f50ea2c4bc066363d382e57,True,Normal,::ffff:2.86.65.229,2020-09-03 13:05:48.624,0,3,3,2,201
5f50ea5671e7a1db243cca12,5f50ea454bc066363d382e7b,True,Normal,::ffff:2.86.65.229,2020-09-03 13:06:13.312,1,1,1,1,0
5f50ea7c71e7a1db243cdbfa,5f50ea544bc066363d382e86,True,Normal,::ffff:2.86.65.229,2020-09-03 13:06:40.541,1,6,25,0,11700
5f50eaa871e7a1db243cefba,5f50ea7b4bc066363d382eb8,True,Normal,::ffff:2.86.65.229,2020-09-03 13:07:12.796,0,3,13,0,5377
5f50eab271e7a1db243cf452,5f50e9ec4bc066363d382e0d,True,Normal,::ffff:46.177.6.186,2020-09-03 13:06:22.868,0,25,45,0,98670
5f50ead171e7a1db243d04eb,5f50eab14bc066363d382ee3,True,Normal,::ffff:46.177.6.186,2020-09-03 13:08:14.605,0,2,10,0,13266
5f50eaf271e7a1db243d13eb,5f50ead04bc066363d382f14,True,Normal,::ffff:46.177.6.186,2020-09-03 13:08:32.103,0,1,1,0,0
5f50eb1f71e7a1db243d2947,5f50eaa74bc066363d382ed9,True,Normal,::ffff:2.86.65.229,2020-09-03 13:08:53.422,0,22,37,0,62124
5f50eb3471e7a1db243d3214,5f50eb1e4bc066363d382f77,True,Normal,::ffff:2.86.65.229,2020-09-03 13:09:51.536,0,1,2,0,1473
5f50eb6671e7a1db243d48da,5f50eb334bc066363d382f7d,True,Normal,::ffff:2.86.65.229,2020-09-03 13:10:34.844,0,5,27,0,23692
5f50ebcd71e7a1db243d7668,5f50eaf14bc066363d382f42,True,Normal,::ffff:46.177.6.186,2020-09-03 13:09:40.527,0,13,23,0,35467
5f50ebf471e7a1db243d8ecb,5f50eb654bc066363d382fb1,True,Normal,::ffff:2.86.65.229,2020-09-03 13:11:23.719,0,6,25,0,22596
5f50ebfd71e7a1db243d9258,5f50e6e84bc066363d382d71,True,Normal,::ffff:94.66.58.254,2020-09-03 12:52:06.247,2,5,21,1,13945
5f50ec0271e7a1db243d9590,5f50ebcc4bc066363d382fe3,True,Normal,::ffff:46.177.6.186,2020-09-03 13:12:44.458,0,1,1,0,0
5f50ec1971e7a1db243da0c7,5f50ebfe4bc066363d382fff,True,Normal,::ffff:46.177.6.186,2020-09-03 13:13:38.348,0,1,9,0,3431
5f50ec4471e7a1db243db404,5f50ebfc4bc066363d382fed,True,Normal,::ffff:94.66.58.254,2020-09-03 13:14:23.750,0,13,24,0,51568
5f50ec4771e7a1db243db650,5f50ec184bc066363d38301f,True,Normal,::ffff:46.177.6.186,2020-09-03 13:14:05.542,0,4,5,0,5182
5f50ec7a71e7a1db243dce29,5f50ec444bc066363d383042,True,Normal,::ffff:46.177.6.186,2020-09-03 13:15:02.006,0,4,4,0,17190
5f50ed0f71e7a1db243e0cc4,5f50ec434bc066363d38303f,True,Normal,::ffff:94.66.58.254,2020-09-03 13:14:58.776,0,8,21,0,15653
5f50ed6671e7a1db243e34af,5f50ec784bc066363d383074,True,Normal,::ffff:46.177.6.186,2020-09-03 13:15:38.582,0,1,6,0,1635
5f50ed7571e7a1db243e3b5c,5f50ed644bc066363d3830a7,True,Normal,::ffff:46.177.6.186,2020-09-03 13:19:32.922,0,1,1,0,0
5f50ed9f71e7a1db243e4eab,5f50ed734bc066363d3830aa,True,Normal,::ffff:46.177.6.186,2020-09-03 13:20:13.890,0,7,12,0,25892
5f50ede471e7a1db243e6b4e,5f50ed9e4bc066363d3830c2,True,Normal,::ffff:46.177.6.186,2020-09-03 13:20:39.929,0,4,6,0,9667
5f50ef5d71e7a1db243f0613,5f4f77be8b76cc08f787b83a,True,Normal,::ffff:188.117.230.241,2020-09-02 10:45:55.848,1,14,32,2,37520
5f50f9fb71e7a1db2443a93d,5f50f9cb4bc066363d383160,True,Normal,::ffff:79.103.9.217,2020-09-03 14:12:38.109,1,5,12,0,10789
5f50f9fb71e7a1db2443a948,5f50f9754bc066363d38315b,True,Normal,::ffff:79.103.9.217,2020-09-03 14:11:01.577,1,1,1,1,0
5f50fa2f71e7a1db2443bc8d,5f50f9e54bc066363d383178,True,Normal,::ffff:79.103.9.217,2020-09-03 14:13:09.625,0,3,3,0,15831
5f50fa7371e7a1db2443d041,5f50fa2e4bc066363d38317e,True,Normal,::ffff:79.103.9.217,2020-09-03 14:14:55.299,0,14,26,0,49244
5f50fa8e71e7a1db2443d7f4,5f50fa714bc066363d3831b6,True,Normal,::ffff:79.103.9.217,2020-09-03 14:15:21.848,0,1,2,0,7964
5f5100e871e7a1db24476fde,5f50ede24bc066363d3830cd,True,Normal,::ffff:46.177.6.186,2020-09-03 13:21:38.751,0,1,1,0,0
5f51012a71e7a1db24478c1e,5f5100e74bc066363d3831c4,True,Normal,::ffff:46.177.6.186,2020-09-03 14:43:33.965,1,18,54,2,46803
5f51013f71e7a1db244794c5,5f5101284bc066363d383231,True,Normal,::ffff:46.177.6.186,2020-09-03 14:43:58.272,0,1,11,0,5306
5f51084c71e7a1db244a30f2,5f5107e94bc066363d38324f,True,Normal,::ffff:94.66.58.86,2020-09-03 15:13:39.271,1,25,53,0,57789
5f51090271e7a1db244a65f4,5f51084b4bc066363d3832c3,True,Normal,::ffff:94.66.58.86,2020-09-03 15:14:20.796,0,1,2,0,1278
5f510f8b71e7a1db244cc191,5f5108ff4bc066363d3832cc,True,Normal,::ffff:94.66.58.86,2020-09-03 15:17:26.036,0,2,18,0,6414
5f510fba71e7a1db244cd8fa,5f510f8a4bc066363d3832ed,True,Normal,::ffff:94.66.58.86,2020-09-03 15:45:42.983,1,10,29,4,28807
5f51101471e7a1db244d05a6,5f510fb94bc066363d383325,True,Normal,::ffff:94.66.58.86,2020-09-03 15:46:54.071,0,12,43,0,52425
5f51103971e7a1db244d1640,5f5110134bc066363d383380,True,Normal,::ffff:94.66.58.86,2020-09-03 15:47:42.087,0,4,24,0,10595
5f5110b671e7a1db244d4e02,5f5110374bc066363d3833ae,True,Normal,::ffff:94.66.58.86,2020-09-03 15:49:22.649,0,9,18,0,74917
5f5110ec71e7a1db244d66d7,5f5110b54bc066363d3833d5,True,Normal,::ffff:94.66.58.86,2020-09-03 15:50:31.183,0,5,8,0,17943
5f51112c71e7a1db244d8647,5f5110eb4bc066363d3833e9,True,Normal,::ffff:94.66.58.86,2020-09-03 15:51:22.600,0,5,25,0,15178
5f51184d71e7a1db2450bbb3,5f5117de4bc066363d383421,True,Normal,::ffff:5.203.245.150,2020-09-03 16:20:46.908,1,1,1,1,0
5f5118bc71e7a1db2450eb9a,5f51184c4bc066363d383426,True,Normal,::ffff:5.203.245.150,2020-09-03 16:22:36.480,0,1,1,0,0
5f5118ef71e7a1db2451009f,5f5118ba4bc066363d383428,True,Normal,::ffff:5.203.245.150,2020-09-03 16:24:26.859,1,1,1,1,0
5f51190971e7a1db24510c75,5f5118ee4bc066363d38342a,True,Normal,::ffff:5.203.245.150,2020-09-03 16:25:18.315,1,1,1,1,0
5f511b3c71e7a1db245202fd,5f51013e4bc066363d383248,True,Normal,::ffff:46.177.6.186,2020-09-03 14:44:21.601,0,3,3,0,7526
5f511d7f71e7a1db24530e29,5f511b3b4bc066363d383446,True,Normal,::ffff:46.177.6.186,2020-09-03 16:35:41.152,1,13,37,2,33998
5f511d9a71e7a1db2453199a,5f511d7e4bc066363d38348e,True,Normal,::ffff:46.177.6.186,2020-09-03 16:44:46.584,0,1,1,1,0
5f511df171e7a1db245340fd,5f511d994bc066363d383490,True,Normal,::ffff:46.177.6.186,2020-09-03 16:45:15.822,0,1,3,0,2623
5f511e7b71e7a1db24538038,5f511def4bc066363d383496,True,Normal,::ffff:46.177.6.186,2020-09-03 16:46:57.339,0,3,5,1,17528
5f511eb871e7a1db24539c40,5f511e7a4bc066363d3834a0,True,Normal,::ffff:46.177.6.186,2020-09-03 16:48:58.199,0,1,1,0,0
5f511ef671e7a1db2453baaf,5f511eb74bc066363d3834a2,True,Normal,::ffff:46.177.6.186,2020-09-03 16:50:17.302,0,6,14,1,17757
5f512dac71e7a1db245878da,5f5119074bc066363d38342c,True,Normal,::ffff:5.203.245.150,2020-09-03 16:25:48.926,1,4,12,0,5020
5f512dc071e7a1db24587d5f,5f512d834bc066363d3834c3,True,Normal,::ffff:5.203.245.150,2020-09-03 17:53:14.236,0,3,17,2,6775
5f513b5471e7a1db245bf27b,5f50539d8b76cc08f787b946,True,Normal,::ffff:195.54.160.21,2020-09-03 02:23:25.421,0,1,1,1,0
5f513c7271e7a1db245c39b4,5f4cb142125dc62ea40fc13c,True,Normal,::ffff:51.140.246.184,2020-08-31 08:13:55.135,0,1,2,1,563
5f51482371e7a1db245f3fb3,5f513b234bc066363d3834e9,True,Normal,::ffff:195.54.160.21,2020-09-03 18:51:15.391,0,0,1,0,0
5f518a3771e7a1db24703003,5f5147f04bc066363d3834ef,True,Normal,::ffff:195.54.160.21,2020-09-03 19:45:52.509,0,0,1,0,0
5f5192ad71e7a1db24724c1b,5f5061888b76cc08f787b94a,True,Normal,::ffff:181.143.101.194,2020-09-03 03:22:48.736,0,1,1,1,0
5f51dff171e7a1db2484d7e8,5f518a064bc066363d3834f1,True,Normal,::ffff:195.54.160.21,2020-09-04 00:27:50.689,0,1,1,1,0
5f51e92071e7a1db24871d63,5f51dfc14bc066363d38355f,True,Normal,::ffff:195.54.160.21,2020-09-04 06:33:37.801,0,0,1,0,0
5f52063371e7a1db248e42a8,5f5204cd4bc066363d383653,True,Normal,::ffff:45.139.213.196,2020-09-04 09:12:50.143,1,18,48,2,68680
5f52181f71e7a1db2492bd4b,5f51e8e74bc066363d383561,True,Normal,::ffff:195.54.160.21,2020-09-04 07:12:39.630,0,0,1,0,0
5f52220471e7a1db24958108,5f4f91dc8b76cc08f787b8aa,True,Normal,::ffff:192.241.235.9,2020-09-02 12:36:44.165,0,0,1,0,0
5f523b9471e7a1db249d4f91,5f50fa8d4bc066363d3831ba,True,Normal,::ffff:79.103.9.217,2020-09-03 14:15:54.920,0,4,4,0,13898
5f523c7a71e7a1db249d8733,5f523b604bc066363d3836d0,True,Normal,::ffff:79.103.9.217,2020-09-04 13:05:19.392,1,14,28,2,46468
5f523dd171e7a1db249de297,5f50d6796bd6332e3c4675bf,True,Normal,::ffff:31.14.246.137,2020-09-03 11:42:02.285,0,5,33,0,16930
5f523de771e7a1db249de7a4,5f523dcf4bc066363d38370f,True,Normal,::ffff:31.14.246.137,2020-09-04 13:14:55.966,0,3,3,2,166
5f523e3071e7a1db249dfdd8,5f523de54bc066363d383713,True,Normal,::ffff:31.14.246.137,2020-09-04 13:15:32.912,1,6,26,0,15784
5f523e4071e7a1db249e0124,5f523e2f4bc066363d383747,True,Normal,::ffff:31.14.246.137,2020-09-04 13:16:31.459,0,1,1,0,0
5f52423671e7a1db249eee31,5f511ef54bc066363d3834bf,True,Normal,::ffff:46.177.6.186,2020-09-03 16:51:01.007,0,1,1,0,0
5f5242a171e7a1db249f0fc9,5f52422c4bc066363d38379e,True,Normal,::ffff:46.177.6.186,2020-09-04 13:33:56.549,1,9,27,2,23555
5f52554c71e7a1db24a33c84,5f51112a4bc066363d38341b,True,Normal,::ffff:94.66.58.86,2020-09-03 15:52:11.401,0,3,3,2,783
5f5255c171e7a1db24a357eb,5f52558a4bc066363d383843,True,Normal,::ffff:5.55.190.22,2020-09-04 14:56:10.849,0,1,1,1,0
5f5255d771e7a1db24a35f11,5f5255c04bc066363d383848,True,Normal,::ffff:5.55.190.22,2020-09-04 14:57:04.431,0,1,1,0,0
5f5255f671e7a1db24a367a6,5f5255d64bc066363d38384a,True,Normal,::ffff:5.55.190.22,2020-09-04 14:57:30.147,1,4,12,0,4121
5f52567771e7a1db24a38a3d,5f5255f54bc066363d383862,True,Normal,::ffff:5.55.190.22,2020-09-04 14:58:09.201,0,5,9,0,11590
5f52568771e7a1db24a38fd7,5f5255224bc066363d38380c,True,Normal,::ffff:94.66.58.86,2020-09-04 14:54:49.127,1,9,27,0,22407
5f5256a171e7a1db24a39802,5f5256764bc066363d383878,True,Normal,::ffff:5.55.190.22,2020-09-04 15:00:09.693,0,2,4,0,3242
5f5256cb71e7a1db24a3a347,5f5256864bc066363d383880,True,Normal,::ffff:94.66.58.86,2020-09-04 15:00:46.310,0,8,20,0,23723
5f5256da71e7a1db24a3a727,5f5256a04bc066363d3838ac,True,Normal,::ffff:5.55.190.22,2020-09-04 15:01:03.715,0,7,7,0,15007
5f5256fa71e7a1db24a3af64,5f5256c94bc066363d3838bd,True,Normal,::ffff:94.66.58.86,2020-09-04 15:01:56.096,0,5,5,0,26402
5f5256fb71e7a1db24a3af98,5f5256d94bc066363d3838c4,True,Normal,::ffff:5.55.190.22,2020-09-04 15:01:55.453,0,2,2,0,10048
5f52575171e7a1db24a3c5c4,5f5256f94bc066363d3838ce,True,Normal,::ffff:5.55.190.22,2020-09-04 15:02:55.080,0,5,5,0,37210
5f52575371e7a1db24a3c642,5f5256f94bc066363d3838cc,True,Normal,::ffff:94.66.58.86,2020-09-04 15:02:54.445,0,6,6,0,37214
5f52576771e7a1db24a3cba8,5f5257504bc066363d3838e7,True,Normal,::ffff:5.55.190.22,2020-09-04 15:03:44.259,0,1,1,0,0
5f52578a71e7a1db24a3d69f,5f5257634bc066363d3838f0,True,Normal,::ffff:5.55.190.22,2020-09-04 15:04:19.790,0,3,13,0,15820
5f52578b71e7a1db24a3d6d6,5f5257504bc066363d3838e9,True,Normal,::ffff:94.66.58.86,2020-09-04 15:03:44.897,0,1,1,0,0
5f5257a671e7a1db24a3de21,5f5257894bc066363d383906,True,Normal,::ffff:5.55.190.22,2020-09-04 15:04:48.448,0,2,2,0,7160
5f5257be71e7a1db24a3e51a,5f5257a34bc066363d383914,True,Normal,::ffff:5.55.190.22,2020-09-04 15:05:10.553,0,1,11,0,3069
5f5257f571e7a1db24a3f1cd,5f5257bd4bc066363d383925,True,Normal,::ffff:5.55.190.22,2020-09-04 15:05:43.270,0,2,2,0,9975
5f525b2371e7a1db24a4b1d3,5f5257894bc066363d383908,True,Normal,::ffff:94.66.58.86,2020-09-04 15:04:49.081,0,2,2,0,7155
5f527e8471e7a1db24ad2bc2,5f5217f04bc066363d3836c4,True,Normal,::ffff:195.54.160.21,2020-09-04 10:33:20.233,0,1,1,1,0
5f52828571e7a1db24ae24d8,5f527e464bc066363d383934,True,Normal,::ffff:195.54.160.21,2020-09-04 17:49:58.414,0,0,1,0,0
5f528bc971e7a1db24b073df,5f525b224bc066363d38392e,True,Normal,::ffff:94.66.58.86,2020-09-04 15:20:02.591,0,1,1,0,0
5f529aab71e7a1db24b419d3,5f5282844bc066363d383936,True,Normal,::ffff:195.54.160.21,2020-09-04 18:08:04.204,0,0,1,0,0
5f52cf4b71e7a1db24c2bcb3,5f529a774bc066363d383944,True,Normal,::ffff:195.54.160.21,2020-09-04 19:50:15.993,0,1,1,1,0
5f52de5c71e7a1db24c711d0,5f52cf194bc066363d383948,True,Normal,::ffff:195.54.160.21,2020-09-04 23:34:49.524,0,0,1,0,0
5f53572c71e7a1db24f6918a,5f5356b74bc066363d383958,True,Normal,::ffff:94.64.74.18,2020-09-05 09:14:18.704,1,15,40,2,51670
5f53573b71e7a1db24f69491,5f5357004bc066363d3839b0,True,Normal,::ffff:94.64.74.18,2020-09-05 09:15:03.424,0,7,9,0,23301
5f53577371e7a1db24f6a4b4,5f53573a4bc066363d3839c5,True,Normal,::ffff:94.64.74.18,2020-09-05 09:16:17.817,0,10,27,0,39617
5f5357b171e7a1db24f6b446,5f5357724bc066363d383a01,True,Normal,::ffff:94.64.74.18,2020-09-05 09:16:34.626,0,1,1,0,0
5f53582671e7a1db24f6da40,5f5357af4bc066363d383a03,True,Normal,::ffff:94.64.74.18,2020-09-05 09:17:37.207,0,1,2,0,1442
5f53587471e7a1db24f6ecd5,5f5358254bc066363d383a07,True,Normal,::ffff:94.64.74.18,2020-09-05 09:19:33.339,0,1,1,0,0
5f53594971e7a1db24f72a19,5f5358734bc066363d383a0b,True,Normal,::ffff:94.64.74.18,2020-09-05 09:23:28.688,0,40,80,0,157108
5f53595871e7a1db24f72d86,5f5359474bc066363d383ad4,True,Normal,::ffff:94.64.74.18,2020-09-05 09:24:23.956,0,1,1,0,0
5f53596971e7a1db24f731e8,5f5359574bc066363d383ad6,True,Normal,::ffff:94.64.74.18,2020-09-05 09:24:39.491,0,1,1,0,0
5f5359a371e7a1db24f740ff,5f5359684bc066363d383ad9,True,Normal,::ffff:94.64.74.18,2020-09-05 09:25:07.584,0,3,6,0,11182
5f5359b371e7a1db24f74441,5f5359a24bc066363d383ae7,True,Normal,::ffff:94.64.74.18,2020-09-05 09:25:54.391,0,1,1,0,0
5f535af771e7a1db24f793cf,5f5359b14bc066363d383ae9,True,Normal,::ffff:94.64.74.18,2020-09-05 09:26:41.845,0,4,5,0,31954
5f535b0a71e7a1db24f798c7,5f535af64bc066363d383af6,True,Normal,::ffff:94.64.74.18,2020-09-05 09:31:38.639,0,1,9,0,4245
5f53788771e7a1db24ff4e7b,5f52ff4a4bc066363d38394e,True,Normal,::ffff:183.146.2.232,2020-09-05 03:00:26.150,0,1,1,1,0
5f537b5171e7a1db24000f85,5f522a774bc066363d3836ca,True,Normal,::ffff:45.148.10.28,2020-09-04 11:52:23.254,0,1,1,1,0
5f537de971e7a1db2400c42a,5f533f0e4bc066363d383952,True,Normal,::ffff:175.153.184.159,2020-09-05 07:32:30.874,0,1,1,1,0
5f53bf7371e7a1db2413dc07,5f53beac4bc066363d383c12,True,Normal,::ffff:2.85.202.102,2020-09-05 16:39:16.644,2,63,120,0,135693
5f53bf9571e7a1db2413e88e,5f53bf444bc066363d383d2c,True,Normal,::ffff:2.85.202.102,2020-09-05 16:40:28.860,0,14,32,0,55983
5f53bfcb71e7a1db2413f83e,5f53bf944bc066363d383d71,True,Normal,::ffff:2.85.202.102,2020-09-05 16:40:52.424,0,1,1,0,0
5f53bfde71e7a1db2413fd55,5f53bfca4bc066363d383d76,True,Normal,::ffff:2.85.202.102,2020-09-05 16:41:46.521,0,1,1,0,0
5f53bfef71e7a1db24140490,5f53bfdd4bc066363d383d7a,True,Normal,::ffff:2.85.202.102,2020-09-05 16:42:06.064,0,3,3,0,541
5f53c04e71e7a1db24142068,5f53bfed4bc066363d383d7f,True,Normal,::ffff:2.85.202.102,2020-09-05 16:42:25.675,0,3,3,0,4110
5f53ce2f71e7a1db24186c8b,5f4df15f125dc62ea40fc32b,True,Normal,::ffff:218.253.242.63,2020-09-01 06:59:43.037,0,1,1,1,0
5f53d11271e7a1db24194cfa,5f53c04c8c1b901bc56992a2,True,Normal,::ffff:2.85.202.102,2020-09-05 16:44:57.416,0,13,44,0,60694
5f53f2f771e7a1db2423a0af,5f5192ac4bc066363d3834f3,True,Normal,::ffff:181.143.101.194,2020-09-04 01:04:44.744,0,1,1,1,0
5f53f59f71e7a1db24247149,5f53d1108c1b901bc5699379,True,Normal,::ffff:2.85.202.102,2020-09-05 17:55:30.483,0,3,9,2,1840
5f548a6f71e7a1db2454c25c,5f53cdfe8c1b901bc5699375,True,Normal,::ffff:218.253.242.63,2020-09-05 17:42:22.749,0,1,1,1,0
5f549eed71e7a1db245d32d3,5f52de224bc066363d38394a,True,Normal,::ffff:195.54.160.21,2020-09-05 00:38:58.934,0,1,1,1,0
5f549eed71e7a1db245d32e4,5f549ec27d93562ed0bdd527,True,Normal,::ffff:195.54.160.21,2020-09-06 08:33:06.479,0,0,1,0,0
5f549f6171e7a1db245d5afb,5f549ed77d93562ed0bdd529,True,Normal,::ffff:195.54.160.21,2020-09-06 08:33:27.343,0,0,1,0,0
5f54a06b71e7a1db245de256,5f549f607d93562ed0bdd52b,True,Normal,::ffff:195.54.160.21,2020-09-06 08:35:44.418,0,1,1,1,0
5f54a0c671e7a1db245e0356,5f54a06a7d93562ed0bdd52d,True,Normal,::ffff:195.54.160.21,2020-09-06 08:40:10.695,0,0,1,0,0
5f54ab1871e7a1db2460d5dd,5f53f2bd8c1b901bc569938b,True,Normal,::ffff:181.143.101.194,2020-09-05 20:19:11.329,0,2,2,2,1772
5f54bb6071e7a1db246443ad,5f537b504bc066363d383b18,True,Normal,::ffff:45.148.10.28,2020-09-05 11:49:36.072,0,1,1,1,0
5f55009771e7a1db2475694f,5f54aaef7d93562ed0bdd549,True,Normal,::ffff:181.143.101.194,2020-09-06 09:25:03.173,0,1,1,1,0
5f55226b16e182bff7e85d67,5f5005008b76cc08f787b936,True,Normal,::ffff:41.213.138.16,2020-09-02 20:48:00.947,0,1,1,1,0
5f5542a116e182bff7f0f577,5f54bb367d93562ed0bdd54b,True,Normal,::ffff:45.148.10.28,2020-09-06 10:34:30.441,0,1,1,1,0
5f555cd716e182bff7f80103,5f535b094bc066363d383b08,True,Normal,::ffff:94.64.74.18,2020-09-05 09:32:24.423,0,5,5,0,30630
5f555cd716e182bff7f80112,5f555ca87d93562ed0bdd55b,True,Normal,::ffff:94.64.74.18,2020-09-06 22:03:37.212,1,7,31,2,16314
5f555d1916e182bff7f8123a,5f555cca7d93562ed0bdd597,True,Normal,::ffff:94.64.74.18,2020-09-06 22:04:21.250,0,4,7,0,26799
5f555d3316e182bff7f81a0c,5f555d187d93562ed0bdd5a8,True,Normal,::ffff:94.64.74.18,2020-09-06 22:05:22.566,0,2,7,0,10159
5f55dfaa16e182bff71d1d2d,5f5542777d93562ed0bdd553,True,Normal,::ffff:45.148.10.28,2020-09-06 20:11:35.297,0,1,1,1,0
5f55e34c16e182bff71e4f68,5f50ef5c4bc066363d3830d1,True,Normal,::ffff:188.117.230.241,2020-09-03 13:29:39.127,1,26,65,2,102561
5f55e3aa16e182bff71e7531,5f55e34a7d93562ed0bdd5c9,True,Normal,::ffff:188.117.230.241,2020-09-07 07:38:46.195,1,16,47,2,59783
5f55e3e116e182bff71e86de,5f55e3a97d93562ed0bdd628,True,Normal,::ffff:188.117.230.241,2020-09-07 07:39:24.886,0,2,2,0,3385
5f55e40216e182bff71e933b,5f55e3e07d93562ed0bdd62e,True,Normal,::ffff:188.117.230.241,2020-09-07 07:40:32.617,0,4,17,0,16163
5f55e41c16e182bff71ea4af,5f55e4017d93562ed0bdd650,True,Normal,::ffff:188.117.230.241,2020-09-07 07:40:57.387,0,3,9,0,8211
5f55e88d16e182bff7200ca1,5f548a347d93562ed0bdd525,True,Normal,::ffff:218.253.242.63,2020-09-06 07:05:24.941,0,1,1,1,0
5f55f24216e182bff7231681,5f55f2117d93562ed0bdd680,True,Normal,::ffff:2.85.202.102,2020-09-07 08:41:11.111,1,9,29,2,21150
5f55f24216e182bff7231690,5f53f59d7d93562ed0bdd4e9,True,Normal,::ffff:2.85.202.102,2020-09-05 20:31:51.096,1,8,26,2,25269
5f55f25516e182bff7231c28,5f55f2377d93562ed0bdd6bb,True,Normal,::ffff:2.85.202.102,2020-09-07 08:41:27.481,0,1,1,0,0
5f55f2a216e182bff723375f,5f55f2547d93562ed0bdd6c1,True,Normal,::ffff:2.85.202.102,2020-09-07 08:42:53.026,1,14,32,0,56326
5f55f33d16e182bff7236f7e,5f55f2a07d93562ed0bdd708,True,Normal,::ffff:2.85.202.102,2020-09-07 08:44:34.585,0,19,77,0,81675
5f55f4e316e182bff723f736,5f55f48b7d93562ed0bdd7c1,True,Normal,::ffff:31.152.250.101,2020-09-07 08:51:23.133,1,1,1,1,0
5f55f4f316e182bff723fc92,5f55f4e27d93562ed0bdd7c6,True,Normal,::ffff:31.152.250.101,2020-09-07 08:52:50.348,0,1,1,0,0
5f55f5bb16e182bff7243dec,5f55f4f27d93562ed0bdd7c8,True,Normal,::ffff:31.152.250.101,2020-09-07 08:53:26.376,4,4,4,4,19788
5f55f6e116e182bff724a1b1,5f55f33b7d93562ed0bdd7a7,True,Normal,::ffff:2.85.202.102,2020-09-07 08:45:56.287,0,2,13,0,8335
5f55f8de16e182bff7254901,5f55f5ba7d93562ed0bdd7d0,True,Normal,::ffff:31.152.250.101,2020-09-07 08:56:39.120,2,2,2,2,12543
5f55f8f516e182bff725519f,5f55f8dd7d93562ed0bdd7ea,True,Normal,::ffff:31.152.250.101,2020-09-07 09:09:53.346,1,4,12,0,4296
5f55f94216e182bff7256bc2,5f55f8f47d93562ed0bdd802,True,Normal,::ffff:31.152.250.101,2020-09-07 09:10:48.683,0,12,16,0,36606
5f55f97716e182bff7257f46,5f55f9417d93562ed0bdd833,True,Normal,::ffff:31.152.250.101,2020-09-07 09:11:58.345,0,7,19,0,29315
5f55fc5316e182bff72667a8,5f55f9767d93562ed0bdd85e,True,Normal,::ffff:31.152.250.101,2020-09-07 09:12:22.447,0,0,2,0,17
5f55fcaf16e182bff72682e4,5f55fc527d93562ed0bdd862,True,Normal,::ffff:31.152.250.101,2020-09-07 09:25:04.244,0,6,13,0,29392
5f56017116e182bff727d43f,5f55f6e07d93562ed0bdd7d5,True,Normal,::ffff:2.85.202.102,2020-09-07 09:01:28.202,0,4,9,0,7410
5f56019816e182bff727e10e,5f56016d7d93562ed0bdd888,True,Normal,::ffff:2.85.202.102,2020-09-07 09:46:44.138,1,8,34,1,22631
5f5603c516e182bff728641a,5f5601967d93562ed0bdd8ce,True,Normal,::ffff:2.85.202.102,2020-09-07 09:47:36.770,0,11,17,0,33823
5f5623e116e182bff730b3dd,5f54a0c57d93562ed0bdd52f,True,Normal,::ffff:195.54.160.21,2020-09-06 08:41:41.127,0,1,1,1,0
5f56242516e182bff730c38f,5f5623977d93562ed0bdd8fd,True,Normal,::ffff:195.54.160.21,2020-09-07 12:12:07.384,0,0,1,0,0
5f56274916e182bff7317794,5f5624247d93562ed0bdd8ff,True,Normal,::ffff:195.54.160.21,2020-09-07 12:14:28.164,0,0,1,0,0
5f562dd616e182bff732f2aa,5f5627487d93562ed0bdd901,True,Normal,::ffff:195.54.160.21,2020-09-07 12:27:52.095,0,1,1,1,0
5f562ff416e182bff7338669,5f562dd57d93562ed0bdd903,True,Normal,::ffff:195.54.160.21,2020-09-07 12:55:49.515,0,0,1,0,0
5f5644eb16e182bff73887c7,5f55e41b7d93562ed0bdd662,True,Normal,::ffff:188.117.230.241,2020-09-07 07:41:22.284,0,3,13,0,7249
5f5644f816e182bff7388cfd,5f5644b27d93562ed0bdd909,True,Normal,::ffff:188.117.230.241,2020-09-07 14:33:54.572,1,13,35,2,32479
5f56452616e182bff7389a7c,5f5644f77d93562ed0bdd959,True,Normal,::ffff:188.117.230.241,2020-09-07 14:34:58.229,0,11,30,0,26710
5f56455716e182bff738a80c,5f5645247d93562ed0bdd99d,True,Normal,::ffff:188.117.230.241,2020-09-07 14:35:47.461,0,9,16,0,30666
5f564fde16e182bff73b6471,5f50ed0d4bc066363d383081,True,Normal,::ffff:94.66.58.254,2020-09-03 13:18:12.361,0,3,20,0,6459
5f564ff216e182bff73b7c2c,5f564faa7d93562ed0bdd9cb,True,Normal,::ffff:94.66.58.254,2020-09-07 15:21:04.021,1,13,37,2,53178
5f56503c16e182bff73b9a1a,5f564ff17d93562ed0bdda16,True,Normal,::ffff:94.66.58.254,2020-09-07 15:22:17.349,0,9,33,0,56215
5f56505816e182bff73ba1f7,5f5650397d93562ed0bdda5d,True,Normal,::ffff:94.66.58.254,2020-09-07 15:22:34.945,0,1,3,0,1500
5f5650b416e182bff73bbf57,5f5650567d93562ed0bdda63,True,Normal,::ffff:94.66.58.254,2020-09-07 15:23:07.260,0,2,3,0,4335
5f56a5b716e182bff754d956,5f5603c37d93562ed0bdd8f1,True,Normal,::ffff:2.85.202.102,2020-09-07 09:56:21.068,0,1,6,0,1363
5f56a5d416e182bff754e2de,5f56a57c7d93562ed0bdda91,True,Normal,::ffff:2.85.202.102,2020-09-07 21:27:07.224,1,14,34,1,46922
5f56a92d16e182bff755e04e,5f55df6e7d93562ed0bdd5c3,True,Normal,::ffff:45.148.10.28,2020-09-07 07:21:18.929,0,1,1,1,0
5f56ab5516e182bff7567a88,5f5105684bc066363d38324d,True,Normal,::ffff:192.241.224.123,2020-09-03 15:02:00.525,0,0,1,0,0
5f56ae9216e182bff7577054,5f4d7a88125dc62ea40fc321,True,Normal,::ffff:5.188.210.227,2020-08-31 22:32:40.990,0,0,1,0,0
5f56b7e216e182bff75a3a73,5f555d327d93562ed0bdd5b7,True,Normal,::ffff:94.64.74.18,2020-09-06 22:05:50.352,0,3,3,0,12338
5f56b7fa16e182bff75a41a3,5f56b7b27d93562ed0bddafe,True,Normal,::ffff:94.64.74.18,2020-09-07 22:44:51.351,1,13,46,2,48936
5f56b80716e182bff75a4928,5f5513717d93562ed0bdd54f,True,Normal,::ffff:35.222.214.82,2020-09-06 16:50:57.614,0,0,1,0,0
5f56cfc716e182bff761799b,5f56a92c7d93562ed0bddaf6,True,Normal,::ffff:45.148.10.28,2020-09-07 21:42:04.676,0,1,1,1,0
5f572bb916e182bff782e785,5f56a5d27d93562ed0bddadc,True,Normal,::ffff:2.85.202.102,2020-09-07 21:27:58.811,0,5,13,0,11963
5f572ca716e182bff7834a46,5f572b8e7d93562ed0bddbbc,True,Normal,::ffff:2.85.202.102,2020-09-08 06:58:23.879,0,2,4,2,1361
5f573e0416e182bff78aecf9,5f572ca67d93562ed0bddbc5,True,Normal,::ffff:2.85.202.102,2020-09-08 07:03:06.076,0,3,7,2,3538
5f573e3116e182bff78b00cd,5f573dca7d93562ed0bddbd4,True,Normal,::ffff:2.85.202.102,2020-09-08 08:17:09.217,1,16,41,0,58283
5f574cf216e182bff791cc72,5f573e307d93562ed0bddc2a,True,Normal,::ffff:2.85.202.102,2020-09-08 08:17:52.375,0,1,1,0,0
5f57541e16e182bff794fad3,5f574cb17d93562ed0bddc2c,True,Normal,::ffff:2.85.202.102,2020-09-08 09:19:45.154,0,1,1,1,0
5f57d00616e182bff7bdbb74,5f56cf6d7d93562ed0bddb8d,True,Normal,::ffff:45.148.10.28,2020-09-08 00:25:17.746,0,1,1,1,0
5f57d12816e182bff7be2d83,5f5645557d93562ed0bdd9c0,True,Normal,::ffff:188.117.230.241,2020-09-07 14:36:12.736,0,4,4,0,6768
5f57d16416e182bff7be4848,5f57d1267d93562ed0bddc3a,True,Normal,::ffff:188.117.230.241,2020-09-08 18:45:19.975,1,8,36,2,25559
5f57d1db16e182bff7be7e73,5f57d1637d93562ed0bddc80,True,Normal,::ffff:188.117.230.241,2020-09-08 18:45:58.136,0,2,5,0,2903
5f57d1fc16e182bff7be8e50,5f57d1da7d93562ed0bddc8c,True,Normal,::ffff:188.117.230.241,2020-09-08 18:48:11.835,0,6,20,0,17728
5f57d4ea16e182bff7bfae8a,5f57d1fb7d93562ed0bddcb4,True,Normal,::ffff:188.117.230.241,2020-09-08 18:48:43.583,0,5,13,0,16419
5f57db4f16e182bff7c23b10,5f57541d7d93562ed0bddc2e,True,Normal,::ffff:2.85.202.102,2020-09-08 09:51:25.026,0,1,1,1,0
5f57db7816e182bff7c25154,5f57db4e7d93562ed0bddcda,True,Normal,::ffff:2.85.202.102,2020-09-08 19:28:31.650,1,6,24,0,17505
5f57db8d16e182bff7c25a3f,5f57db767d93562ed0bddd14,True,Normal,::ffff:2.85.202.102,2020-09-08 19:28:58.468,0,2,2,0,3553
5f57de0616e182bff7c35866,5f485870125dc62ea40fb305,True,Normal,::ffff:1.203.161.58,2020-08-28 01:05:52.124,0,1,1,1,0
5f57e65016e182bff7c6c5ea,5f57db8c7d93562ed0bddd1c,True,Normal,::ffff:2.85.202.102,2020-09-08 19:29:37.061,0,5,6,0,20984
5f57f87716e182bff7cecdf2,5f562ff37d93562ed0bdd905,True,Normal,::ffff:195.54.160.21,2020-09-07 13:04:51.196,0,1,1,1,0
5f58035016e182bff7d3e2e6,5f57f8457d93562ed0bddd57,True,Normal,::ffff:195.54.160.21,2020-09-08 21:31:49.689,0,0,1,0,0
5f582acf16e182bff7ebbc25,5f5828237d93562ed0bddd61,True,Normal,::ffff:40.86.223.86,2020-09-09 00:56:04.174,0,0,7,0,186
5f582c1316e182bff7ec49bc,5f582a947d93562ed0bddd6c,True,Normal,::ffff:40.86.223.86,2020-09-09 01:06:29.204,0,0,6,0,696
5f5833ad16e182bff7efab0d,5f582c0f7d93562ed0bddd7b,True,Normal,::ffff:40.86.223.86,2020-09-09 01:12:48.268,0,0,9,0,1076
5f583e2e16e182bff7f46d80,5f58031b7d93562ed0bddd59,True,Normal,::ffff:195.54.160.21,2020-09-08 22:18:03.267,0,0,1,0,0
5f58812616e182bff70c40c1,5f57e6227d93562ed0bddd2b,True,Normal,::ffff:2.85.202.102,2020-09-08 20:14:35.583,1,4,22,0,9032
5f58836316e182bff70d2312,5f5833ab7d93562ed0bddd87,True,Normal,::ffff:40.86.223.86,2020-09-09 01:45:15.929,0,0,1,0,0
5f58a8d016e182bff71acd22,5f57cfd17d93562ed0bddc36,True,Normal,::ffff:45.148.10.28,2020-09-08 18:39:13.367,0,1,1,1,0
5f58b62016e182bff71f61cf,5f5880e37d93562ed0bddd90,True,Normal,::ffff:2.85.202.102,2020-09-09 07:14:43.876,0,3,3,2,241
5f58cc5916e182bff728342a,5f583de87d93562ed0bddd89,True,Normal,::ffff:195.54.160.21,2020-09-09 02:28:56.069,0,1,1,1,0
5f58d9a016e182bff72cbf28,5f58cc2b7d93562ed0bddda2,True,Normal,::ffff:195.54.160.21,2020-09-09 12:35:55.288,0,0,1,0,0
5f5921fdee406b9d7aa5dd92,5f58d95f7d93562ed0bddda4,True,Normal,::ffff:195.54.160.21,2020-09-09 13:32:15.978,0,0,1,0,0
5f594c99ee406b9d7ab336d7,5f594c147d93562ed0bdddb0,True,Normal,::ffff:208.100.26.232,2020-09-09 21:41:42.310,0,0,2,1,1888
5f595271ee406b9d7ab54a87,5f58a8a67d93562ed0bddd9c,True,Normal,::ffff:45.148.10.28,2020-09-09 10:04:22.526,0,1,1,1,0
5f595ed0ee406b9d7ab9a9db,5f5921ca7d93562ed0bdddaa,True,Normal,::ffff:195.54.160.21,2020-09-09 18:41:14.252,0,1,1,1,0
5f596641ee406b9d7abc677d,5f595e767d93562ed0bdddc0,True,Normal,::ffff:195.54.160.21,2020-09-09 23:00:06.588,0,0,1,0,0
5f598d37ee406b9d7acc6631,5f5966407d93562ed0bdddc2,True,Normal,::ffff:195.54.160.21,2020-09-09 23:33:20.122,0,0,1,0,0
5f59a2beee406b9d7ad60a0d,5f5952707d93562ed0bdddbc,True,Normal,::ffff:45.148.10.28,2020-09-09 22:08:48.734,0,1,1,1,0
5f59ebe1ee406b9d7af82e66,5f5883617d93562ed0bddd96,True,Normal,::ffff:40.86.223.86,2020-09-09 07:25:22.971,0,0,4,0,1857
5f59efddee406b9d7afa339a,5f59eb9e7d93562ed0bdddd9,True,Normal,::ffff:40.86.223.86,2020-09-10 09:02:22.489,0,0,4,0,271
5f59f61fee406b9d7afd51d4,5f598d0d7d93562ed0bdddcc,True,Normal,::ffff:195.54.160.21,2020-09-10 02:18:53.428,0,1,1,1,0
5f59f896ee406b9d7afe8937,5f59f61e7d93562ed0bddde2,True,Normal,::ffff:195.54.160.21,2020-09-10 09:47:10.096,0,0,1,0,0
5f5a043dee406b9d7a048c8f,5f59f8957d93562ed0bddde5,True,Normal,::ffff:195.54.160.21,2020-09-10 09:57:41.467,0,0,1,0,0
5f5a0694ee406b9d7a05caf9,5f59a2887d93562ed0bdddce,True,Normal,::ffff:45.148.10.28,2020-09-10 03:50:32.034,0,1,1,1,0
5f5a1dffee406b9d7a0e113c,5f56b8067d93562ed0bddb7c,True,Normal,::ffff:35.222.214.82,2020-09-07 22:45:26.787,0,0,1,0,0
5f5a1eebee406b9d7a0e4a22,5f5a040e7d93562ed0bddde7,True,Normal,::ffff:195.54.160.21,2020-09-10 10:46:38.616,0,1,1,1,0
5f5a2105ee406b9d7a0ed7f8,5f59d63a7d93562ed0bdddd4,True,Normal,::ffff:164.132.63.29,2020-09-10 07:31:06.963,0,0,1,0,0
5f5a25d1ee406b9d7a101e2f,5f5a1eea7d93562ed0bddded,True,Normal,::ffff:195.54.160.21,2020-09-10 12:41:14.322,0,0,1,0,0
5f5a6da5ee406b9d7a2a7351,5f58b5da7d93562ed0bddd9e,True,Normal,::ffff:2.85.202.102,2020-09-09 11:00:42.917,0,0,1,0,0
5f5ac055ee406b9d7a462852,5f59efdc7d93562ed0bddddf,True,Normal,::ffff:40.86.223.86,2020-09-10 09:20:28.288,0,0,2,0,131
5f5ac37cee406b9d7a47c9ce,5f5a21047d93562ed0bdddef,True,Normal,::ffff:164.132.63.29,2020-09-10 12:50:12.647,0,0,1,0,0
5f5ad295ee406b9d7a51b14b,5f5a25cf7d93562ed0bdddf1,True,Normal,::ffff:195.54.160.21,2020-09-10 13:10:39.923,0,1,1,1,0
5f5ad80fee406b9d7a53cbe4,5f5ad23a7d93562ed0bdde12,True,Normal,::ffff:195.54.160.21,2020-09-11 01:26:18.351,0,0,1,0,0
5f5af79eee406b9d7a614af7,5f5ad80e7d93562ed0bdde14,True,Normal,::ffff:195.54.160.21,2020-09-11 01:51:10.633,0,0,1,0,0
5f5afb5aee406b9d7a62f7b9,5f5a06937d93562ed0bddde9,True,Normal,::ffff:45.148.10.28,2020-09-10 10:57:23.797,0,1,1,1,0
5f5b0caaee406b9d7a6add71,5f5ac02b7d93562ed0bdde0a,True,Normal,::ffff:40.86.223.86,2020-09-11 00:09:15.194,0,0,2,0,133
5f5b3ed7ee406b9d7a842b00,5f5b311e7d93562ed0bdde25,True,Normal,::ffff:89.248.166.183,2020-09-11 08:11:10.241,0,0,1,0,0
5f5b40ddee406b9d7a85211a,5f5af75b7d93562ed0bdde1c,True,Normal,::ffff:195.54.160.21,2020-09-11 04:04:43.685,0,1,1,1,0
5f5b50b6ee406b9d7a8cc33b,5f5afb597d93562ed0bdde1e,True,Normal,::ffff:45.148.10.28,2020-09-11 04:21:45.294,0,1,1,1,0
5f5b5382ee406b9d7a8e1924,5f5b40dc7d93562ed0bdde2b,True,Normal,::ffff:195.54.160.21,2020-09-11 09:18:20.634,0,0,1,0,0
5f5b6670ee406b9d7a972b74,5f5b53817d93562ed0bdde2f,True,Normal,::ffff:195.54.160.21,2020-09-11 10:37:53.435,0,1,1,1,0
5f5b6683ee406b9d7a973403,5f5b66467d93562ed0bdde36,True,Normal,::ffff:195.54.160.21,2020-09-11 11:58:04.784,0,0,2,0,6017
5f5b66e0ee406b9d7a9762a7,5f5b66827d93562ed0bdde3a,True,Normal,::ffff:195.54.160.21,2020-09-11 11:58:58.499,0,1,1,1,0
5f5b66ffee406b9d7a9778ab,5f5b66df7d93562ed0bdde3c,True,Normal,::ffff:195.54.160.21,2020-09-11 12:00:31.564,0,0,1,0,0
5f5bb37eee406b9d7aaeecf4,5f5b50877d93562ed0bdde2d,True,Normal,::ffff:45.148.10.28,2020-09-11 10:25:11.973,0,1,1,1,0
5f5bfde8ee406b9d7ac28121,5f5bb3547d93562ed0bddeae,True,Normal,::ffff:45.148.10.28,2020-09-11 17:26:44.530,0,1,1,1,0
5f5cadb5ee406b9d7aee68a0,5f5cad1e7d93562ed0bddece,True,Normal,::ffff:2.86.171.110,2020-09-12 11:13:50.184,1,22,44,0,79519
5f5cbbefee406b9d7af2c0d5,5f5bfdbc7d93562ed0bddebd,True,Normal,::ffff:45.148.10.28,2020-09-11 22:44:12.956,0,1,1,1,0
5f5ccd74ee406b9d7af73e8a,5f5954db7d93562ed0bdddbe,True,Normal,::ffff:45.14.44.2,2020-09-09 22:19:07.388,0,0,1,0,0
5f5cd717ee406b9d7af9b910,5f56b7f97d93562ed0bddb58,True,Normal,::ffff:94.64.74.18,2020-09-07 22:45:30.410,0,4,24,0,16975
5f5cf3a0ee406b9d7a004c3c,5f5cbb9f7d93562ed0bddf2e,True,Normal,::ffff:45.148.10.28,2020-09-12 12:14:23.790,0,1,1,1,0
5f5cf751ee406b9d7a0114e9,5f5a6d737d93562ed0bdddfb,True,Normal,::ffff:2.85.202.102,2020-09-10 18:16:19.035,0,0,1,0,0
5f5cf968ee406b9d7a018dfa,5f5cf9577d93562ed0bddfda,True,Normal,::ffff:85.72.97.177,2020-09-12 16:37:43.492,0,3,3,2,230
5f5cf9b2ee406b9d7a01a3ee,5f5cf9677d93562ed0bddfde,True,Normal,::ffff:85.72.97.177,2020-09-12 16:38:49.263,1,14,52,0,49992
5f5cf9caee406b9d7a01ad7f,5f5cf9aa7d93562ed0bde048,True,Normal,::ffff:5.203.250.59,2020-09-12 16:39:10.977,0,3,11,2,4104
5f5cf9f2ee406b9d7a01bc17,5f5cf9b17d93562ed0bde065,True,Normal,::ffff:85.72.97.177,2020-09-12 16:39:55.378,0,9,38,0,42196
5f5cfa92ee406b9d7a01ee6c,5f5cf9f07d93562ed0bde10d,True,Normal,::ffff:85.72.97.177,2020-09-12 16:40:16.927,0,1,1,0,0
5f5cfaf2ee406b9d7a020732,5f5cf9c97d93562ed0bde094,True,Normal,::ffff:5.203.250.59,2020-09-12 16:43:09.069,1,53,120,0,211600
5f5cfb6dee406b9d7a021faa,5f5cfa917d93562ed0bde1a6,True,Normal,::ffff:85.72.97.177,2020-09-12 16:43:23.764,1,7,29,0,26109
5f5cfbbcee406b9d7a023451,5f5cfb6b7d93562ed0bde1f8,True,Normal,::ffff:85.72.97.177,2020-09-12 16:47:07.031,0,9,46,0,31796
5f5cfbfdee406b9d7a0240b3,5f5cfbba7d93562ed0bde252,True,Normal,::ffff:85.72.97.177,2020-09-12 16:47:57.820,0,2,2,0,2851
5f5d03a0ee406b9d7a03e18e,5f5cfaf17d93562ed0bde1ee,True,Normal,::ffff:5.203.250.59,2020-09-12 16:44:34.991,0,3,5,0,1982
5f5d03cbee406b9d7a03ea37,5f5d039e7d93562ed0bde262,True,Normal,::ffff:5.203.250.59,2020-09-12 17:21:34.929,0,3,3,2,187
5f5d03f4ee406b9d7a03f66d,5f5d03ca7d93562ed0bde266,True,Normal,::ffff:5.203.250.59,2020-09-12 17:22:32.566,1,5,23,0,14498
5f5d0522ee406b9d7a04340f,5f5d03f37d93562ed0bde29b,True,Normal,::ffff:5.203.250.59,2020-09-12 17:23:14.675,0,3,4,0,15638
5f5d0646ee406b9d7a046edd,5f5d05217d93562ed0bde2a5,True,Normal,::ffff:5.203.250.59,2020-09-12 17:28:01.188,0,1,1,0,0
5f5d0a50ee406b9d7a054b7c,5f5cfbfc7d93562ed0bde258,True,Normal,::ffff:85.72.97.177,2020-09-12 16:49:00.444,0,1,1,0,0
5f5d15c2ee406b9d7a07b479,5f5d030b7d93562ed0bde25c,True,Normal,::ffff:80.107.30.84,2020-09-12 17:19:07.243,0,3,3,2,236
5f5d292cee406b9d7a0bf16f,5f5b66fe7d93562ed0bdde3e,True,Normal,::ffff:195.54.160.21,2020-09-11 12:01:02.104,0,1,1,1,0
5f5d2dcbee406b9d7a0cf50b,5f5d2da37d93562ed0bde2cb,True,Normal,::ffff:5.203.179.175,2020-09-12 20:20:51.694,0,3,3,2,202
5f5d30aeee406b9d7a0d9557,5f5d28ed7d93562ed0bde2c7,True,Normal,::ffff:195.54.160.21,2020-09-12 20:00:45.475,0,0,1,0,0
5f5d351dee406b9d7a0e808f,5f5d0a4e7d93562ed0bde2b1,True,Normal,::ffff:85.72.97.177,2020-09-12 17:50:09.012,0,3,9,2,2365
5f5d356aee406b9d7a0e9580,5f5d351b7d93562ed0bde311,True,Normal,::ffff:85.72.97.177,2020-09-12 20:53:43.293,1,17,54,2,60047
5f5d360fee406b9d7a0eb9b2,5f5d35697d93562ed0bde381,True,Normal,::ffff:85.72.97.177,2020-09-12 20:54:47.507,0,8,17,0,46022
5f5d363fee406b9d7a0ec4e7,5f5d360e7d93562ed0bde3a3,True,Normal,::ffff:85.72.97.177,2020-09-12 20:57:04.951,0,3,3,0,18796
5f5d44daee406b9d7a11fdc2,5f5d2dca7d93562ed0bde2cf,True,Normal,::ffff:5.203.179.175,2020-09-12 20:22:07.115,1,8,31,0,37064
5f5d44daee406b9d7a11fddc,5f5d44a87d93562ed0bde3b3,True,Normal,::ffff:5.203.179.175,2020-09-12 21:59:09.894,0,3,17,2,4999
5f5d4640ee406b9d7a125a79,5f5cf36d7d93562ed0bddf78,True,Normal,::ffff:45.148.10.28,2020-09-12 16:12:29.169,0,1,1,1,0
5f5d5d9fee406b9d7a17f3c4,5f5d30ad7d93562ed0bde30d,True,Normal,::ffff:195.54.160.21,2020-09-12 20:33:49.557,0,0,1,0,0
5f5d5dd5ee406b9d7a1800c3,5f5cad7f7d93562ed0bddf2c,True,Normal,::ffff:2.86.171.110,2020-09-12 11:14:07.011,0,1,1,0,0
5f5d5defee406b9d7a180625,5f5d5dd37d93562ed0bde421,True,Normal,::ffff:2.86.171.110,2020-09-12 23:46:28.740,0,6,6,4,1553
5f5d82e3ee406b9d7a212ecc,5f5d5dee7d93562ed0bde42b,True,Normal,::ffff:2.86.171.110,2020-09-12 23:47:39.631,1,11,64,0,45270
5f5dd113ee406b9d7a3546a9,5f5cf7507d93562ed0bddf7a,True,Normal,::ffff:2.85.202.102,2020-09-12 16:29:58.673,1,15,47,0,54322
5f5dd154ee406b9d7a355905,5f5dd0e47d93562ed0bde4b1,True,Normal,::ffff:2.85.202.102,2020-09-13 07:58:12.136,1,11,33,0,47617
5f5dd1d5ee406b9d7a358a62,5f5dd1537d93562ed0bde4fd,True,Normal,::ffff:2.85.202.102,2020-09-13 08:00:41.708,1,20,55,0,86443
5f5dd24eee406b9d7a35afc1,5f5dd1d37d93562ed0bde57a,True,Normal,::ffff:2.85.202.102,2020-09-13 08:01:43.733,0,4,30,0,19991
5f5dd2deee406b9d7a35d7b9,5f5dd24d7d93562ed0bde5b8,True,Normal,::ffff:2.85.202.102,2020-09-13 08:04:15.093,0,9,15,0,49882
5f5df464ee406b9d7a3e8a78,5f5d5d647d93562ed0bde41d,True,Normal,::ffff:195.54.160.21,2020-09-12 23:44:36.916,0,1,1,1,0
5f5dfde9ee406b9d7a410239,5f5df42d7d93562ed0bde61f,True,Normal,::ffff:195.54.160.21,2020-09-13 10:27:57.944,0,0,1,0,0
5f5e0f85ee406b9d7a458634,5f5500677d93562ed0bdd54d,True,Normal,::ffff:181.143.101.194,2020-09-06 15:29:43.560,0,1,1,1,0
5f5e3446ee406b9d7a4e928e,5f5dfdb77d93562ed0bde621,True,Normal,::ffff:195.54.160.21,2020-09-13 11:08:39.137,0,0,1,0,0
5f5e37efee406b9d7a4f7c29,5f5e37cf7d93562ed0bde71f,True,Normal,::ffff:94.64.251.10,2020-09-13 15:16:41.595,1,4,23,0,10519
5f5e382dee406b9d7a4f90ea,5f5e37ee7d93562ed0bde74d,True,Normal,::ffff:94.64.251.10,2020-09-13 15:17:26.312,0,4,45,0,23861
5f5e3881ee406b9d7a4faa07,5f5e382c7d93562ed0bde7a9,True,Normal,::ffff:94.64.251.10,2020-09-13 15:18:17.914,0,5,26,0,13555
5f5e38adee406b9d7a4fb8bd,5f5e38807d93562ed0bde7dd,True,Normal,::ffff:94.64.251.10,2020-09-13 15:19:55.227,0,5,39,0,26686
5f5e38d3ee406b9d7a4fc3f8,5f5e38ab7d93562ed0bde832,True,Normal,::ffff:94.64.251.10,2020-09-13 15:20:34.029,0,3,7,0,22061
5f5e390cee406b9d7a4fdcce,5f5dd2da7d93562ed0bde5dd,True,Normal,::ffff:2.85.202.102,2020-09-13 08:06:16.862,0,7,34,0,30237
5f5e3957ee406b9d7a4ff686,5f5e390a7d93562ed0bde84a,True,Normal,::ffff:2.85.202.102,2020-09-13 15:22:33.362,1,12,46,2,46603
5f5e3c84ee406b9d7a50e304,5f5d463e7d93562ed0bde41b,True,Normal,::ffff:45.148.10.28,2020-09-12 22:05:50.983,0,1,1,1,0
5f5e8171ee406b9d7a69e6e4,5f5e34127d93562ed0bde71d,True,Normal,::ffff:195.54.160.21,2020-09-13 15:00:34.894,0,1,1,1,0
5f5e84c0ee406b9d7a6b2b7a,5f5e81427d93562ed0bde8f7,True,Normal,::ffff:195.54.160.21,2020-09-13 20:29:54.547,0,0,1,0,0
5f5e8883ee406b9d7a6c92bc,5f5e3c837d93562ed0bde8f1,True,Normal,::ffff:45.148.10.28,2020-09-13 15:36:35.438,0,1,1,1,0
5f5e9a67ee406b9d7a738011,5f5e84bf7d93562ed0bde8f9,True,Normal,::ffff:195.54.160.21,2020-09-13 20:44:47.419,0,0,1,0,0
5f5ea6eeee406b9d7a7858fa,5f5b0c747d93562ed0bdde21,True,Normal,::ffff:40.86.223.86,2020-09-11 05:34:44.761,0,0,2,0,430
5f5ec3e0ee406b9d7a83279b,5f5e9a267d93562ed0bde8fd,True,Normal,::ffff:195.54.160.21,2020-09-13 22:16:06.101,0,1,1,1,0
5f5ecf43ee406b9d7a87b497,5f5ec3af7d93562ed0bde91b,True,Normal,::ffff:195.54.160.21,2020-09-14 01:13:19.995,0,0,1,0,0
5f5f0297ee406b9d7a9c0a11,5f5e0f4f7d93562ed0bde623,True,Normal,::ffff:181.143.101.194,2020-09-13 12:23:43.089,0,1,1,1,0
5f5f4649ee406b9d7ab6d764,5f5f46117d93562ed0bdea0c,True,Normal,::ffff:2.86.151.193,2020-09-14 10:29:51.065,0,4,9,0,13540
5f5f4649ee406b9d7ab6d776,5f5f45a07d93562ed0bde9d1,True,Normal,::ffff:2.86.151.193,2020-09-14 10:29:05.677,2,17,27,1,81456
5f5f4655ee406b9d7ab6dc2e,5f5f462f7d93562ed0bdea1e,True,Normal,::ffff:2.86.151.193,2020-09-14 10:30:24.917,0,4,9,0,17158
5f5f46a4ee406b9d7ab6fcaa,5f5f46537d93562ed0bdea2c,True,Normal,::ffff:2.86.151.193,2020-09-14 10:30:43.796,0,1,1,0,0
5f5f46d8ee406b9d7ab71348,5f5f46a37d93562ed0bdea2f,True,Normal,::ffff:2.86.151.193,2020-09-14 10:32:29.633,0,6,18,0,26197
5f5f478cee406b9d7ab7668e,5f5f46d77d93562ed0bdea56,True,Normal,::ffff:2.86.151.193,2020-09-14 10:35:12.938,0,30,90,0,137238
5f5f47bbee406b9d7ab778ef,5f5f478a7d93562ed0bdeb16,True,Normal,::ffff:2.86.151.193,2020-09-14 10:35:54.883,0,1,1,0,0
5f5f47fcee406b9d7ab79770,5f5f47b97d93562ed0bdeb19,True,Normal,::ffff:2.86.151.193,2020-09-14 10:37:20.127,0,3,28,0,38297
5f5f57d0ee406b9d7abeb941,5f5e88827d93562ed0bde8fb,True,Normal,::ffff:45.148.10.28,2020-09-13 21:00:50.170,0,1,1,1,0
5f5f9125ee406b9d7ad32f8a,5f55223b7d93562ed0bdd551,True,Normal,::ffff:41.213.138.16,2020-09-06 17:54:03.226,0,1,1,1,0
5f5f9e3bee406b9d7ad64ed6,5f5f994d7d93562ed0bdeb63,True,Normal,::ffff:45.146.164.186,2020-09-14 16:24:45.983,0,0,1,0,0
5f5fb03bee406b9d7adb6a2e,5f5f02507d93562ed0bde921,True,Normal,::ffff:181.143.101.194,2020-09-14 05:40:32.900,0,1,1,1,0
5f5fbb2cee406b9d7adde514,5f5b3e9b7d93562ed0bdde29,True,Normal,::ffff:89.248.166.183,2020-09-11 09:08:43.751,0,0,1,0,0
5f5fbb35ee406b9d7adde8f4,5f5f9e027d93562ed0bdeb65,True,Normal,::ffff:45.146.164.186,2020-09-14 16:44:50.065,0,0,1,0,0
5f5ffc08ee406b9d7af2c4c0,5f5fbb027d93562ed0bdeb6a,True,Normal,::ffff:89.248.166.183,2020-09-14 18:48:34.439,0,0,1,0,0
5f600758ee406b9d7af55492,5f5fbb347d93562ed0bdeb6c,True,Normal,::ffff:45.146.164.186,2020-09-14 18:49:24.627,0,1,1,1,0
5f6015a0ee406b9d7af884b5,5f6007197d93562ed0bdeb75,True,Normal,::ffff:45.146.164.186,2020-09-15 00:13:13.140,0,0,1,0,0
5f605787ee406b9d7a0700ac,5f56ae907d93562ed0bddafa,True,Normal,::ffff:5.188.210.227,2020-09-07 22:05:04.920,0,0,1,0,0
5f60928dee406b9d7a19730c,5f60925a7d93562ed0bdec75,True,Normal,::ffff:94.66.58.254,2020-09-15 10:07:35.829,0,3,21,2,13721
5f60928dee406b9d7a19731e,5f5650b37d93562ed0bdda6b,True,Normal,::ffff:94.66.58.254,2020-09-07 15:24:53.766,0,4,18,0,18121
5f6092abee406b9d7a197f1f,5f60927f7d93562ed0bdec9d,True,Normal,::ffff:94.66.58.254,2020-09-15 10:08:25.222,1,9,28,0,25953
5f6092c0ee406b9d7a19872f,5f6092a97d93562ed0bdecd8,True,Normal,::ffff:94.66.58.254,2020-09-15 10:08:41.689,0,1,1,0,0
5f6094d1ee406b9d7a1a5424,5f5ffbda7d93562ed0bdeb73,True,Normal,::ffff:89.248.166.183,2020-09-14 23:25:14.656,0,0,1,0,0
5f60d595ee406b9d7a3149ba,5f5e39567d93562ed0bde8a9,True,Normal,::ffff:2.85.202.102,2020-09-13 15:23:37.890,1,10,29,2,35825
5f611144ee406b9d7a3f05b8,5f5f57a37d93562ed0bdeb57,True,Normal,::ffff:45.148.10.28,2020-09-14 11:44:35.146,0,1,1,1,0
5f6135a3ee406b9d7a4702f1,5f6075467d93562ed0bdec6f,True,Normal,::ffff:208.91.110.114,2020-09-15 08:03:18.966,0,0,1,0,0
5f616f0fee406b9d7a5350ed,5f6092bf7d93562ed0bdecda,True,Normal,::ffff:94.66.58.254,2020-09-15 10:09:24.428,1,5,30,0,21067
5f617d8cee406b9d7a568e5c,5f6015677d93562ed0bdeb77,True,Normal,::ffff:45.146.164.186,2020-09-15 01:14:15.440,0,1,1,1,0
5f61832fee406b9d7a57ccec,5f5f90e87d93562ed0bdeb5d,True,Normal,::ffff:41.213.138.16,2020-09-14 15:48:56.613,0,1,1,1,0
5f618b15ee406b9d7a59b669,5f617d607d93562ed0bdee8d,True,Normal,::ffff:45.146.164.186,2020-09-16 02:50:08.318,0,0,1,0,0
5f61b8dcee406b9d7a66427d,5f6111197d93562ed0bdee19,True,Normal,::ffff:45.148.10.28,2020-09-15 19:08:09.423,0,1,1,1,0
5f61ce91ee406b9d7a6d0062,5f5f426f7d93562ed0bde9bd,True,Normal,::ffff:51.89.45.112,2020-09-14 10:14:13.190,0,0,10,0,5346
5f61d36eee406b9d7a6e7dce,5f618abc7d93562ed0bdee91,True,Normal,::ffff:45.146.164.186,2020-09-16 03:47:08.579,0,0,1,0,0
5f6201d1ee406b9d7a7d3f76,5f6094d07d93562ed0bded17,True,Normal,::ffff:89.248.166.183,2020-09-15 10:17:52.094,0,0,1,0,0
5f621502ee406b9d7a8428c8,5f61d36d7d93562ed0bdef11,True,Normal,::ffff:45.146.164.186,2020-09-16 08:57:17.295,0,1,1,1,0
5f621b14ee406b9d7a861dfa,5f6214c97d93562ed0bdef18,True,Normal,::ffff:45.146.164.186,2020-09-16 13:36:09.518,0,0,1,0,0
5f623882ee406b9d7a8c78c3,5f621b137d93562ed0bdef1c,True,Normal,::ffff:45.146.164.186,2020-09-16 14:02:59.242,0,0,1,0,0
5f627a13ee406b9d7a9e5a33,5f6279d57d93562ed0bdef28,True,Normal,::ffff:2.86.93.40,2020-09-16 20:47:17.503,0,3,3,2,221
5f627a13ee406b9d7a9e5a51,5f5d064f7d93562ed0bde2ad,True,Normal,::ffff:2.86.93.40,2020-09-12 17:33:03.691,0,0,1,0,0
5f6282b6ee406b9d7aa14ce0,5f5faffd7d93562ed0bdeb67,True,Normal,::ffff:181.143.101.194,2020-09-14 18:01:33.306,0,1,1,1,0
5f62857eee406b9d7aa23c52,5f6279f27d93562ed0bdef2c,True,Normal,::ffff:2.86.93.40,2020-09-16 20:48:29.585,1,14,42,0,42811
5f6289d3ee406b9d7aa3b176,5f6238427d93562ed0bdef22,True,Normal,::ffff:45.146.164.186,2020-09-16 16:07:30.667,0,1,1,1,0
5f629480ee406b9d7aa73dfb,5f61832e7d93562ed0bdee8f,True,Normal,::ffff:41.213.138.16,2020-09-16 03:14:54.522,0,1,1,1,0
5f6298a2ee406b9d7aa8a09f,5f6289d27d93562ed0bdef93,True,Normal,::ffff:45.146.164.186,2020-09-16 21:55:30.128,0,0,1,0,0
5f631debee406b9d7ad5c8ac,5f60d55e7d93562ed0bdee0f,True,Normal,::ffff:2.85.202.102,2020-09-15 14:53:18.362,0,3,3,2,231
5f631debee406b9d7ad5c8bb,5f631db97d93562ed0bdefa1,True,Normal,::ffff:2.85.202.102,2020-09-17 08:26:59.501,1,8,27,0,25793
5f631e41ee406b9d7ad5eb39,5f631de47d93562ed0bdefd8,True,Normal,::ffff:2.85.202.102,2020-09-17 08:28:16.740,0,13,37,0,60475
5f632d98ee406b9d7adb5557,5f6298a07d93562ed0bdef97,True,Normal,::ffff:45.146.164.186,2020-09-16 22:58:40.985,0,1,1,1,0
5f633c7bee406b9d7ae0922b,5f632d537d93562ed0bdf059,True,Normal,::ffff:45.146.164.186,2020-09-17 09:33:07.044,0,0,1,0,0
5f63831cee406b9d7af9a0c3,5f631e3f7d93562ed0bdf023,True,Normal,::ffff:2.85.202.102,2020-09-17 08:29:14.722,0,3,27,0,26914
5f63879aee406b9d7afb3407,5f633c477d93562ed0bdf061,True,Normal,::ffff:45.146.164.186,2020-09-17 10:36:55.416,0,0,1,0,0
5f63b240ee406b9d7a0a673a,5f4f47628b76cc08f787b6d2,True,Normal,::ffff:185.39.11.105,2020-09-02 07:18:58.349,0,1,1,1,0
5f63cfb2ee406b9d7a13a479,5f4e800e8b76cc08f787b4a5,True,Normal,::ffff:52.175.199.19,2020-09-01 17:08:31.431,0,1,2,1,1122
5f63d28dee406b9d7a144fbb,5f61b8a87d93562ed0bdeef9,True,Normal,::ffff:45.148.10.28,2020-09-16 07:03:04.882,0,1,1,1,0
5f63fd62ee406b9d7a1f89f3,5f6387997d93562ed0bdf09b,True,Normal,::ffff:45.146.164.186,2020-09-17 15:58:17.336,0,1,1,1,0
5f640a7aee406b9d7a2338cf,5f63fd377d93562ed0bdf0ab,True,Normal,::ffff:45.146.164.186,2020-09-18 00:20:07.375,0,0,1,0,0
5f641be0ee406b9d7a281fef,5f641b7d7d93562ed0bdf0c0,True,Normal,::ffff:93.145.80.83,2020-09-18 02:29:17.528,0,2,2,2,41
5f6430eeee406b9d7a2e09eb,5f63d28c7d93562ed0bdf0a5,True,Normal,::ffff:45.148.10.28,2020-09-17 21:18:04.720,0,0,1,0,0
5f64527dee406b9d7a377970,5f640a3b7d93562ed0bdf0af,True,Normal,::ffff:45.146.164.186,2020-09-18 01:15:39.094,0,0,1,0,0
5f646ae8ee406b9d7a3eb0f5,5f55df737d93562ed0bdd5c5,True,Normal,::ffff:111.91.155.121,2020-09-07 07:21:23.606,0,1,1,1,0
5f647952ee406b9d7a430067,5f63cf7a7d93562ed0bdf0a1,True,Normal,::ffff:52.175.199.19,2020-09-17 21:04:59.416,0,1,2,1,832
5f649d80ee406b9d7a4add06,5f64524e7d93562ed0bdf0cd,True,Normal,::ffff:45.146.164.186,2020-09-18 06:23:10.926,0,1,1,1,0
5f64a3f2ee406b9d7a4e6539,5f649d4f7d93562ed0bdf0dd,True,Normal,::ffff:45.146.164.186,2020-09-18 11:43:11.372,0,0,1,0,0
5f64c353ee406b9d7a5a9e60,5f64c31f7d93562ed0bdf135,True,Normal,::ffff:109.178.249.229,2020-09-18 14:24:31.141,0,1,1,0,0
5f64c353ee406b9d7a5a9e76,5f64c2307d93562ed0bdf0e7,True,Normal,::ffff:109.178.249.229,2020-09-18 14:21:08.137,1,7,38,0,35746
5f64c7e5ee406b9d7a5bb057,5f64a3f17d93562ed0bdf0df,True,Normal,::ffff:45.146.164.186,2020-09-18 12:11:29.084,0,0,1,0,0
5f652696ee406b9d7a74d207,5f64c7e47d93562ed0bdf1a3,True,Normal,::ffff:45.146.164.186,2020-09-18 14:44:52.615,0,1,1,1,0
5f653be8ee406b9d7a7be5a1,5f63df027d93562ed0bdf0a9,True,Normal,::ffff:45.148.10.65,2020-09-17 22:11:14.493,0,1,1,1,0
5f653c39ee406b9d7a7c00d0,5f62827f7d93562ed0bdef87,True,Normal,::ffff:181.143.101.194,2020-09-16 21:24:15.058,0,1,1,1,0
5f655dabee406b9d7a872610,5f6430ba7d93562ed0bdf0c5,True,Normal,::ffff:45.148.10.28,2020-09-18 03:59:54.249,0,0,1,0,0
5f65663aee406b9d7a89f565,5f6526627d93562ed0bdf1a9,True,Normal,::ffff:45.146.164.186,2020-09-18 21:28:02.903,0,0,1,0,0
5f656c4dee406b9d7a8bf91a,5f65660b7d93562ed0bdf1e9,True,Normal,::ffff:45.146.164.186,2020-09-19 01:59:39.311,0,0,1,0,0
5f658d8bee406b9d7a96fa0d,5f656c4c7d93562ed0bdf1ed,True,Normal,::ffff:45.146.164.186,2020-09-19 02:26:20.054,0,0,1,0,0
5f65d1d2ee406b9d7aae2c2c,5f655d7b7d93562ed0bdf1e7,True,Normal,::ffff:45.148.10.28,2020-09-19 01:23:07.631,0,0,1,0,0
5f65da25ee406b9d7aafdac4,5f646aad7d93562ed0bdf0d1,True,Normal,::ffff:111.91.155.121,2020-09-18 08:07:09.576,0,1,1,1,0
5f65e6c1ee406b9d7ab25bb3,5f658d5e7d93562ed0bdf1ef,True,Normal,::ffff:45.146.164.186,2020-09-19 04:47:26.008,0,1,1,1,0
5f65f925ee406b9d7ab64f9a,5f65e68f7d93562ed0bdf203,True,Normal,::ffff:45.146.164.186,2020-09-19 11:07:59.371,0,0,1,0,0
5f6616f5ee406b9d7abc8623,5f6382e27d93562ed0bdf069,True,Normal,::ffff:2.85.202.102,2020-09-17 15:38:34.771,3,6,25,2,24706
5f663e32ee406b9d7ac4a37f,5f65f8ed7d93562ed0bdf207,True,Normal,::ffff:45.146.164.186,2020-09-19 12:26:21.229,0,1,1,1,0
5f6644ddee406b9d7ac60284,5f663e057d93562ed0bdf216,True,Normal,::ffff:45.146.164.186,2020-09-19 17:21:09.201,0,0,1,0,0
5f666770ee406b9d7acd6104,5f6644dc7d93562ed0bdf218,True,Normal,::ffff:45.146.164.186,2020-09-19 17:50:20.100,0,0,1,0,0
5f669f84ee406b9d7adb037d,5f65d1a47d93562ed0bdf1fd,True,Normal,::ffff:45.148.10.28,2020-09-19 09:38:44.769,0,0,1,0,0
5f66c4d8ee406b9d7ae32578,5f6667417d93562ed0bdf21a,True,Normal,::ffff:45.146.164.186,2020-09-19 20:17:05.399,0,1,1,1,0
5f66d8e1ee406b9d7ae799d5,5f66c4a17d93562ed0bdf222,True,Normal,::ffff:45.146.164.186,2020-09-20 02:55:29.575,0,0,1,0,0
5f66fad2ee406b9d7aef1fa2,5f539f4c4bc066363d383b1e,True,Normal,::ffff:71.6.199.23,2020-09-05 14:23:10.192,0,0,3,0,1535
5f6708f0ee406b9d7af266a1,5f66d8b87d93562ed0bdf224,True,Normal,::ffff:45.146.164.186,2020-09-20 04:21:12.623,0,1,1,1,0
5f670e69ee406b9d7af3a99d,5f67089d7d93562ed0bdf22c,True,Normal,::ffff:45.146.164.186,2020-09-20 07:45:33.209,0,0,1,0,0
5f672d00ee406b9d7afb0c9a,5f670e667d93562ed0bdf22e,True,Normal,::ffff:45.146.164.186,2020-09-20 08:10:14.789,0,0,1,0,0
5f673ff8ee406b9d7afee4f4,5f669f567d93562ed0bdf21e,True,Normal,::ffff:45.148.10.28,2020-09-20 00:16:22.623,0,0,1,0,0
5f6760faee406b9d7a05e166,5f47ddbb125dc62ea40fb2f9,True,Normal,::ffff:74.102.39.43,2020-08-27 16:22:19.718,0,1,1,1,0
5f67791aee406b9d7a0b2361,5f653c387d93562ed0bdf1ad,True,Normal,::ffff:181.143.101.194,2020-09-18 23:01:12.561,0,1,1,1,0
5f677ad8ee406b9d7a0b8273,5f672cd27d93562ed0bdf230,True,Normal,::ffff:45.146.164.186,2020-09-20 10:20:02.069,0,1,1,1,0
5f678d11ee406b9d7a0f974b,5f677ad77d93562ed0bdf23a,True,Normal,::ffff:45.146.164.186,2020-09-20 15:52:55.813,0,0,1,0,0
5f67cb80ee406b9d7a1ee59a,5f678cd87d93562ed0bdf23c,True,Normal,::ffff:45.146.164.186,2020-09-20 17:09:44.790,0,1,1,1,0
5f67cf65ee406b9d7a1fe56b,5f67cb517d93562ed0bdf23e,True,Normal,::ffff:45.146.164.186,2020-09-20 21:36:17.138,0,0,1,0,0
5f67d421ee406b9d7a212ca4,5f65b3c67d93562ed0bdf1fb,True,Normal,::ffff:104.248.141.112,2020-09-19 07:31:18.394,0,0,1,0,0
5f67da80ee406b9d7a22c54b,5f5ccd397d93562ed0bddf34,True,Normal,::ffff:45.14.44.2,2020-09-12 13:29:29.770,0,0,1,0,0
5f67e4c6ee406b9d7a255ac3,5f67cf647d93562ed0bdf240,True,Normal,::ffff:45.146.164.186,2020-09-20 21:53:40.659,0,0,1,0,0
5f681affee406b9d7a32c2e9,5f67e48e7d93562ed0bdf248,True,Normal,::ffff:45.146.164.186,2020-09-20 23:23:58.328,0,1,1,1,0
5f682724ee406b9d7a359dbb,5f681ad47d93562ed0bdf24a,True,Normal,::ffff:45.146.164.186,2020-09-21 03:15:32.207,0,0,1,0,0
5f683811ee406b9d7a399797,5f653bb77d93562ed0bdf1ab,True,Normal,::ffff:45.148.10.65,2020-09-18 22:59:03.161,0,1,1,1,0
5f688b4dee406b9d7a4e3504,5f68855b7d93562ed0bdf258,True,Normal,::ffff:195.154.60.239,2020-09-21 10:50:03.783,0,1,1,1,0
5f6899cdee406b9d7a515776,5f673fc17d93562ed0bdf232,True,Normal,::ffff:45.148.10.28,2020-09-20 11:40:49.461,0,0,1,0,0
5f68a5d9ee406b9d7a53fdb3,5f5317734bc066363d383950,True,Normal,::ffff:188.169.199.47,2020-09-05 04:43:31.451,0,0,1,0,0
5f68c8bdee406b9d7a5f5897,5f6616c67d93562ed0bdf20b,True,Normal,::ffff:2.85.202.102,2020-09-19 14:33:42.755,0,3,3,2,148
5f68f1a3ee406b9d7a6a4da3,5f6899a17d93562ed0bdf25e,True,Normal,::ffff:45.148.10.28,2020-09-21 12:16:33.675,0,0,1,0,0
5f695498ee406b9d7a82fa0c,5f570c4c7d93562ed0bddbb9,True,Normal,::ffff:193.118.53.210,2020-09-08 04:45:00.626,0,0,1,0,0
5f69a90dee406b9d7a97d14f,5f68f1667d93562ed0bdf29f,True,Normal,::ffff:45.148.10.28,2020-09-21 18:31:02.024,0,0,1,0,0
5f69c9caee406b9d7aa0da8a,5f6778f47d93562ed0bdf238,True,Normal,::ffff:181.143.101.194,2020-09-20 15:44:52.364,0,1,1,1,0
5f69cdfeee406b9d7aa1e925,5f69c99d7d93562ed0bdf2b6,True,Normal,::ffff:181.143.101.194,2020-09-22 09:53:33.608,0,1,1,1,0
5f69e252ee406b9d7aa694fa,5f69deaa7d93562ed0bdf2ba,True,Normal,::ffff:176.113.115.214,2020-09-22 11:23:22.203,0,0,1,0,0
5f69f633ee406b9d7aaaa30c,5f69e20e7d93562ed0bdf2bd,True,Normal,::ffff:176.113.115.214,2020-09-22 11:37:50.217,0,0,1,0,0
5f69f73fee406b9d7aaad79a,5f6057597d93562ed0bdeb7b,True,Normal,::ffff:5.188.210.227,2020-09-15 05:55:37.396,0,0,1,0,0
5f6a2b4bee406b9d7ab69b93,5f69f56a7d93562ed0bdf2c4,True,Normal,::ffff:176.113.115.214,2020-09-22 13:00:26.424,0,1,1,1,0
5f6a2cd8ee406b9d7ab6fbc5,5f6294437d93562ed0bdef95,True,Normal,::ffff:41.213.138.16,2020-09-16 22:40:03.816,0,1,1,1,0
5f6a3423ee406b9d7ab8a52c,5f6a2b0b7d93562ed0bdf2cc,True,Normal,::ffff:176.113.115.214,2020-09-22 16:49:15.083,0,0,1,0,0
5f6a5176ee406b9d7ac1924c,5f69a8da7d93562ed0bdf2b3,True,Normal,::ffff:45.148.10.28,2020-09-22 07:33:46.576,0,0,1,0,0
5f6ad14dee406b9d7ae01157,5f6a34227d93562ed0bdf2d0,True,Normal,::ffff:176.113.115.214,2020-09-22 17:28:02.470,0,1,1,1,0
5f6adf39ee406b9d7ae31724,5f6ad11d7d93562ed0bdf2e1,True,Normal,::ffff:176.113.115.214,2020-09-23 04:37:49.125,0,0,1,0,0
5f6ae89eee406b9d7ae52d0e,5f69cdfd7d93562ed0bdf2b8,True,Normal,::ffff:181.143.101.194,2020-09-22 10:12:13.183,0,1,1,1,0
5f6b0b65ee406b9d7aed6dfa,5f627c4e7d93562ed0bdef83,True,Normal,::ffff:49.143.32.6,2020-09-16 20:57:50.741,0,1,1,1,0
5f6b2941ee406b9d7af48976,5f6adf0b7d93562ed0bdf2e5,True,Normal,::ffff:176.113.115.214,2020-09-23 05:37:15.667,0,0,1,0,0
5f6b3e15ee406b9d7af8dd74,5f6a513c7d93562ed0bdf2d3,True,Normal,::ffff:45.148.10.28,2020-09-22 19:32:12.035,0,0,1,0,0
5f6bcf00ee406b9d7a1e3c5f,5f6bc0b27d93562ed0bdf2ff,True,Normal,::ffff:194.180.179.90,2020-09-23 21:40:02.023,0,0,1,0,0
5f6c5051ee406b9d7a3c3d73,5f6b29187d93562ed0bdf2f3,True,Normal,::ffff:176.113.115.214,2020-09-23 10:53:12.156,0,1,1,1,0
5f6c59f4ee406b9d7a3f4ab2,5f6c501d7d93562ed0bdf48d,True,Normal,::ffff:176.113.115.214,2020-09-24 07:51:57.393,0,0,1,0,0
5f6c6114ee406b9d7a411f6a,5f68c88c7d93562ed0bdf262,True,Normal,::ffff:2.85.202.102,2020-09-21 15:37:14.074,1,6,25,0,29746
5f6c6e72ee406b9d7a4473ad,5f6b3ddc7d93562ed0bdf2f5,True,Normal,::ffff:45.148.10.28,2020-09-23 12:21:48.321,0,0,1,0,0
5f6c86abee406b9d7a4a760c,5f6c59bd7d93562ed0bdf48f,True,Normal,::ffff:176.113.115.214,2020-09-24 08:33:01.247,0,0,1,0,0
5f6ca33eee406b9d7a51d794,5f67da7f7d93562ed0bdf246,True,Normal,::ffff:45.14.44.2,2020-09-20 22:41:03.372,0,0,1,0,0
5f6ca6bbee406b9d7a52bf5f,5f6bced17d93562ed0bdf303,True,Normal,::ffff:194.180.179.90,2020-09-23 22:40:17.732,0,0,1,0,0
5f6cc7d6ee406b9d7a5b6f16,5f6ae8757d93562ed0bdf2e7,True,Normal,::ffff:181.143.101.194,2020-09-23 06:17:25.225,0,1,1,1,0
5f6ce9f1ee406b9d7a650da0,5f6ca6ba7d93562ed0bdf4a9,True,Normal,::ffff:194.180.179.90,2020-09-24 14:01:30.392,0,0,1,0,0
5f6cef0dee406b9d7a66b1af,5f6c867e7d93562ed0bdf49f,True,Normal,::ffff:176.113.115.214,2020-09-24 11:43:58.150,0,1,1,1,0
5f6cf068ee406b9d7a672f2c,5f5a80ed7d93562ed0bdddfd,True,Normal,::ffff:128.14.134.134,2020-09-10 19:39:25.254,0,0,1,0,0
5f6cf18aee406b9d7a678be7,5f6cef0b7d93562ed0bdf4b1,True,Normal,::ffff:176.113.115.214,2020-09-24 19:10:03.817,0,0,1,0,0
5f6cfcf5ee406b9d7a6aace7,5f6cf1897d93562ed0bdf4b5,True,Normal,::ffff:176.113.115.214,2020-09-24 19:20:41.110,0,0,1,0,0
5f6d1972ee406b9d7a70e084,5f6cfcca7d93562ed0bdf4b7,True,Normal,::ffff:176.113.115.214,2020-09-24 20:08:42.983,0,1,1,1,0
5f6d20a3ee406b9d7a7264c6,5f6d19407d93562ed0bdf4bb,True,Normal,::ffff:176.113.115.214,2020-09-24 22:10:08.193,0,0,1,0,0
5f6d2a2cee406b9d7a747eeb,5f6c6e377d93562ed0bdf499,True,Normal,::ffff:45.148.10.28,2020-09-24 10:00:23.780,0,0,1,0,0
5f6d3556ee406b9d7a7706c5,5f6ce9c07d93562ed0bdf4af,True,Normal,::ffff:194.180.179.90,2020-09-24 18:47:28.113,0,0,1,0,0
5f6ddfb5ee406b9d7aa1a2a8,5f6d29f97d93562ed0bdf4c1,True,Normal,::ffff:45.148.10.28,2020-09-24 23:21:29.248,0,0,1,0,0
5f6e02cbee406b9d7aac1c33,5f6ca30c7d93562ed0bdf4a7,True,Normal,::ffff:45.14.44.2,2020-09-24 13:45:48.906,0,0,1,0,0
5f6e0b83ee406b9d7aaed9b5,5f6d20a27d93562ed0bdf4bd,True,Normal,::ffff:176.113.115.214,2020-09-24 22:41:38.455,0,1,1,1,0
5f6e1735ee406b9d7ab28816,5f6e0b497d93562ed0bdf4e2,True,Normal,::ffff:176.113.115.214,2020-09-25 15:22:49.106,0,0,1,0,0
5f6e2950ee406b9d7ab84c18,5f6e24327d93562ed0bdf4e6,True,Normal,::ffff:62.4.21.162,2020-09-25 17:09:06.792,0,1,2,1,572
5f6e303aee406b9d7aba9640,5f6d35137d93562ed0bdf4c5,True,Normal,::ffff:194.180.179.90,2020-09-25 00:08:51.823,0,0,1,0,0
5f6e5415ee406b9d7ac6b323,5f6e16fb7d93562ed0bdf4e4,True,Normal,::ffff:176.113.115.214,2020-09-25 16:12:43.381,0,0,1,0,0
5f6e55c9ee406b9d7ac70fbc,5f6ddf8b7d93562ed0bdf4d8,True,Normal,::ffff:45.148.10.28,2020-09-25 12:16:11.446,0,0,1,0,0
5f6e652dee406b9d7aca6abc,5f6e30397d93562ed0bdf4f0,True,Normal,::ffff:194.180.179.90,2020-09-25 18:00:25.731,0,0,1,0,0
5f6e76c3ee406b9d7ace2b62,5f6e64f97d93562ed0bdf4f8,True,Normal,::ffff:194.180.179.90,2020-09-25 21:45:29.397,0,0,1,0,0
5f6e913cee406b9d7ad3c982,5f6e53dc7d93562ed0bdf4f4,True,Normal,::ffff:176.113.115.214,2020-09-25 20:32:28.703,0,1,1,1,0
5f6e9348ee406b9d7ad43328,5f6e91107d93562ed0bdf502,True,Normal,::ffff:176.113.115.214,2020-09-26 00:53:36.686,0,0,1,0,0
5f6e9edeee406b9d7ad68052,5f6e93477d93562ed0bdf504,True,Normal,::ffff:176.113.115.214,2020-09-26 01:03:03.612,0,0,1,0,0
5f6ea76dee406b9d7ad8280e,5f6e55c87d93562ed0bdf4f6,True,Normal,::ffff:45.148.10.28,2020-09-25 20:40:40.350,0,0,1,0,0
5f6eba72ee406b9d7adbf56e,5f6e9ea37d93562ed0bdf506,True,Normal,::ffff:176.113.115.214,2020-09-26 01:51:31.914,0,1,1,1,0
5f6ec105ee406b9d7add4595,5f6eba3a7d93562ed0bdf50a,True,Normal,::ffff:176.113.115.214,2020-09-26 03:49:14.408,0,0,1,0,0
5f6ed7d1ee406b9d7ae1d533,5f6ea7387d93562ed0bdf508,True,Normal,::ffff:45.148.10.28,2020-09-26 02:28:08.033,0,0,1,0,0
5f6ef2ffee406b9d7ae7d22d,5f6dba937d93562ed0bdf4d4,True,Normal,::ffff:202.69.171.52,2020-09-25 09:38:27.462,0,0,1,0,0
5f6ef5eaee406b9d7ae87c86,5f6ef2cd7d93562ed0bdf514,True,Normal,::ffff:202.69.171.52,2020-09-26 07:50:37.080,0,0,3,0,49
5f6f24eeee406b9d7af2b330,5f6cc7967d93562ed0bdf4ad,True,Normal,::ffff:181.143.101.194,2020-09-24 16:21:42.658,0,1,1,1,0
5f6fb58aee406b9d7a15123a,5f6f24c57d93562ed0bdf51c,True,Normal,::ffff:181.143.101.194,2020-09-26 11:23:49.387,0,1,1,1,0
5f6fc12fee406b9d7a18d8a8,5f6e02a37d93562ed0bdf4e0,True,Normal,::ffff:45.14.44.2,2020-09-25 14:45:55.820,0,0,1,0,0
5f6fc185ee406b9d7a18ed5d,5f6ec1047d93562ed0bdf50c,True,Normal,::ffff:176.113.115.214,2020-09-26 04:18:12.497,0,1,1,1,0
5f6fd124ee406b9d7a1c779a,5f6fc1847d93562ed0bdf52a,True,Normal,::ffff:176.113.115.214,2020-09-26 22:32:36.662,0,0,1,0,0
5f6fdf4fee406b9d7a1fb2b7,5f6ed7a67d93562ed0bdf50e,True,Normal,::ffff:45.148.10.28,2020-09-26 05:54:46.857,0,0,1,0,0
5f6fe759ee406b9d7a219081,5f6ef5e97d93562ed0bdf518,True,Normal,::ffff:202.69.171.52,2020-09-26 08:03:53.540,0,0,1,0,0
5f7013deee406b9d7a2e803c,5f6e768d7d93562ed0bdf4fa,True,Normal,::ffff:194.180.179.90,2020-09-25 23:00:29.450,0,0,1,0,0
5f701a10ee406b9d7a30b98d,5f6fd0fd7d93562ed0bdf52c,True,Normal,::ffff:176.113.115.214,2020-09-26 23:38:37.191,0,0,1,0,0
5f702271ee406b9d7a33b188,5f701a0f7d93562ed0bdf558,True,Normal,::ffff:176.113.115.214,2020-09-27 04:50:23.626,0,1,1,1,0
5f702275ee406b9d7a33b2e0,5f7022497d93562ed0bdf55a,True,Normal,::ffff:176.113.115.214,2020-09-27 05:25:29.583,0,0,1,0,0
5f70236bee406b9d7a3411bd,5f7022737d93562ed0bdf55c,True,Normal,::ffff:176.113.115.214,2020-09-27 05:26:11.951,0,0,1,0,0
5f7025a8ee406b9d7a34dc55,5f70236a7d93562ed0bdf55e,True,Normal,::ffff:176.113.115.214,2020-09-27 05:30:18.254,0,1,1,1,0
5f702641ee406b9d7a3512eb,5f7025a77d93562ed0bdf560,True,Normal,::ffff:176.113.115.214,2020-09-27 05:39:51.461,0,0,1,0,0
5f70344aee406b9d7a3a39e3,5f6fe7587d93562ed0bdf531,True,Normal,::ffff:202.69.171.52,2020-09-27 01:14:00.429,0,0,2,0,32
5f706080ee406b9d7a4b580b,5f6fdf257d93562ed0bdf52e,True,Normal,::ffff:45.148.10.28,2020-09-27 00:39:01.819,0,0,1,0,0
5f708fbeee406b9d7a5d8046,5f4f8e708b76cc08f787b8a8,True,Normal,::ffff:94.66.58.158,2020-09-02 12:22:08.191,0,1,1,1,0
5f70d9e9ee406b9d7a710fe2,5f7013aa7d93562ed0bdf556,True,Normal,::ffff:194.180.179.90,2020-09-27 04:23:06.864,0,0,1,0,0
5f711101ee406b9d7a7f7d20,5f70d9c27d93562ed0bdf584,True,Normal,::ffff:194.180.179.90,2020-09-27 18:28:18.728,0,0,1,0,0
5f71405dee406b9d7a8b9705,5f7060577d93562ed0bdf56a,True,Normal,::ffff:45.148.10.28,2020-09-27 09:50:15.921,0,0,1,0,0
5f718f50ee406b9d7a9fe879,5f4a2e68125dc62ea40fb7f7,True,Normal,::ffff:46.27.158.17,2020-08-29 10:31:04.282,0,0,1,0,0
5f71f7cbee406b9d7abd4005,5f7140347d93562ed0bdf58c,True,Normal,::ffff:45.148.10.28,2020-09-28 01:45:24.249,0,0,1,0,0
5f721372ee406b9d7ac4729d,5f7110d07d93562ed0bdf58a,True,Normal,::ffff:194.180.179.90,2020-09-27 22:23:12.628,0,0,1,0,0
5f7214dfee406b9d7ac4c12e,5f6a2cd77d93562ed0bdf2ce,True,Normal,::ffff:41.213.138.16,2020-09-22 16:56:55.493,0,1,1,1,0
5f722458ee406b9d7ac7fcc7,5f7026407d93562ed0bdf562,True,Normal,::ffff:176.113.115.214,2020-09-27 05:42:24.416,0,1,1,1,0
5f722e4cee406b9d7aca17ea,5f7224187d93562ed0bdf5a2,True,Normal,::ffff:176.113.115.214,2020-09-28 17:57:44.596,0,0,1,0,0
5f725f1dee406b9d7ad44efd,5f722e137d93562ed0bdf5a4,True,Normal,::ffff:176.113.115.214,2020-09-28 18:40:19.073,0,0,1,0,0
5f72700eee406b9d7ad7aa20,5f71f79f7d93562ed0bdf59c,True,Normal,::ffff:45.148.10.28,2020-09-28 14:47:59.272,0,0,1,0,0
5f72af4bee406b9d7ae3f82a,5f725eea7d93562ed0bdf5a8,True,Normal,::ffff:176.113.115.214,2020-09-28 22:08:42.771,0,1,1,1,0
5f72afe3ee406b9d7ae413fd,5f72af1b7d93562ed0bdf5ac,True,Normal,::ffff:176.113.115.214,2020-09-29 03:50:51.451,0,0,1,0,0
5f72b3b6ee406b9d7ae4dcd0,5f72afe17d93562ed0bdf5ae,True,Normal,::ffff:176.113.115.214,2020-09-29 03:54:09.844,0,0,1,0,0
5f72bd2aee406b9d7ae6c324,5f72b3b57d93562ed0bdf5b0,True,Normal,::ffff:176.113.115.214,2020-09-29 04:10:29.675,0,1,1,1,0
5f72bf2dee406b9d7ae72e44,5f72bce97d93562ed0bdf5b2,True,Normal,::ffff:176.113.115.214,2020-09-29 04:49:45.424,0,0,1,0,0
5f72f216ee406b9d7af28a24,5f72133d7d93562ed0bdf59e,True,Normal,::ffff:194.180.179.90,2020-09-28 16:45:49.214,0,0,1,0,0
5f733871ee406b9d7a03e815,5f726fd97d93562ed0bdf5aa,True,Normal,::ffff:45.148.10.28,2020-09-28 23:20:57.470,0,0,1,0,0
5f73aa09ee406b9d7a22fa3b,5f7034047d93562ed0bdf565,True,Normal,::ffff:202.69.171.52,2020-09-27 06:41:08.213,0,0,2,0,21
5f73b108ee406b9d7a255e9b,5f73a9bd7d93562ed0bdf5cb,True,Normal,::ffff:202.69.171.52,2020-09-29 21:40:15.238,0,0,4,0,1880
5f73b137ee406b9d7a256f0e,5f73b1067d93562ed0bdf5d3,True,Normal,::ffff:202.69.171.52,2020-09-29 22:11:28.207,0,0,4,0,10016
5f73c421ee406b9d7a2cfd42,5f72f1e67d93562ed0bdf5b7,True,Normal,::ffff:194.180.179.90,2020-09-29 08:35:50.165,0,0,1,0,0
5f73c8d3ee406b9d7a2eb033,5f73c3e87d93562ed0bdf5e1,True,Normal,::ffff:194.180.179.90,2020-09-29 23:31:52.480,0,0,1,0,0
5f73cdc5ee406b9d7a308177,5f73b1357d93562ed0bdf5db,True,Normal,::ffff:202.69.171.52,2020-09-29 22:12:08.383,0,0,4,0,3150
5f73e5e6ee406b9d7a38f22e,5f72bf2c7d93562ed0bdf5b4,True,Normal,::ffff:176.113.115.214,2020-09-29 04:59:24.584,0,1,1,1,0
5f73f509ee406b9d7a3e1cc9,5f73e5977d93562ed0bdf5e9,True,Normal,::ffff:176.113.115.214,2020-09-30 01:55:35.134,0,0,1,0,0
5f743c99ee406b9d7a54d11c,5f7338317d93562ed0bdf5c1,True,Normal,::ffff:45.148.10.28,2020-09-29 13:35:45.256,0,0,1,0,0
5f744256ee406b9d7a56c0e8,5f73f4b57d93562ed0bdf5eb,True,Normal,::ffff:176.113.115.214,2020-09-30 03:00:05.124,0,0,1,0,0
5f746921ee406b9d7a63e8d6,5f7442557d93562ed0bdf5f0,True,Normal,::ffff:176.113.115.214,2020-09-30 08:31:17.775,0,1,1,1,0
5f746d55ee406b9d7a656a88,5f7468f57d93562ed0bdf5f8,True,Normal,::ffff:176.113.115.214,2020-09-30 11:16:05.044,0,0,1,0,0
